-- ============================================================
-- DURANIA MVP PRO — Seed Completo de Pruebas (v1)
-- 20+ registros por tabla para gobierno, productores y MVZ
-- IMPORTANTE: Ejecutar DESPUÉS de migration_001 y migration_002
-- Los profiles deben existir en auth.users primero, o usar los
-- UUIDs del SeedActual.sql que ya tienes.
-- ============================================================

-- ============================================================
-- NOTA DE USO
-- Los IDs de profiles ya existentes (del SeedActual.sql):
--   gobierno admin : e414e73a-c309-4ae5-af94-79cf7841d118
--   productor test : 9c4021c3-35f7-4c7c-ac73-fe40b5489f16
--   mvz test       : 2a0f8875-c722-465c-a0eb-860330bdb28e
-- Tenants existentes:
--   gobierno : aea996de-33e6-46fe-b05b-a6108c711025
--   productor: bc430399-22c4-466c-a368-5cdf20964907
--   mvz      : 4d873822-32e5-465b-9630-177104a1dcc6
-- ============================================================

-- ============================================================
-- 0. PROFILES ADICIONALES (20 usuarios de prueba)
-- Estas filas deben corresponder a usuarios reales en auth.users.
-- En Supabase local puedes crearlos con:
--   supabase auth admin create-user --email <email> --password test1234
-- O insertar directamente en auth.users con la función de Supabase.
-- Para desarrollo local se inserta directo.
-- ============================================================

-- Usuarios productores (p01–p10)
--INSERT INTO public.profiles (id, status) VALUES
--  ('06f11c9e-b1f0-4600-a685-09969e787e69', 'active'),
--  ('f80dbd00-7444-4d4f-9a62-ea39b7e8131e', 'active'),
--  ('fe47bf16-34b6-4f00-8bd6-5ddb07d763b4', 'active'),
--  ('22017a9f-a6eb-4cad-9b81-1d2f5021066e', 'active'),
--  ('c64a800a-66b6-4b25-a72a-9bc95820448e', 'active'),
--  ('83c6fecc-b50c-4f64-9dfd-df4cb6e3f3bd', 'active'),
--  ('5e12bf31-af38-4092-9bfc-d4218216dee9', 'active'),
--  ('7dcc7e2b-5b3e-4da6-ad1b-2c325755744c', 'active'),
--  ('3417e247-d8d3-4b37-88f7-341a3d906e57', 'active'),
--  ('7dcc7e2b-5b3e-4da6-ad1b-2c325755744c', 'active')
--ON CONFLICT (id) DO NOTHING;

-- Usuarios MVZ (m01–m05)
--INSERT INTO public.profiles (id, status) VALUES
--  ('8883f4cb-a5b7-4821-aadc-e2e6de203495', 'active'),
--  ('60ad9106-aca8-4324-a953-79dda1842f32', 'active'),
--  ('4b07b27b-2298-4034-a9d7-47585b3e1bbe', 'active'),
 -- ('7dd40a49-a57a-471f-b87b-5fde6d647c3f', 'active'),
--  ('a5533f90-c201-4261-affa-25d4bc29fdaa', 'active')
--ON CONFLICT (id) DO NOTHING;

-- Usuarios empleados/admins extras gobierno (g01–g03)
--INSERT INTO public.profiles (id, status) VALUES
--  ('1502268b-df86-408e-a052-889f7e39eeb0', 'active'),
--  ('4447b062-8dd0-4361-92a0-0883aadfe396', 'active'),
--  ('e509b0e6-2d58-491a-8865-abfb4a5015f2', 'active')
--ON CONFLICT (id) DO NOTHING;


-- ============================================================
-- 1. TENANTS DE PRODUCTORES (10 productores)
-- ============================================================

INSERT INTO public.tenants (id, type, slug, name, status, created_by_user_id) VALUES
  ('10000000-0000-0000-0000-000000000001', 'producer', 'rancho-los-alamos',      'Rancho Los Álamos',        'active', 'e414e73a-c309-4ae5-af94-79cf7841d118'),
  ('10000000-0000-0000-0000-000000000002', 'producer', 'rancho-santa-fe',        'Rancho Santa Fe',          'active', 'e414e73a-c309-4ae5-af94-79cf7841d118'),
  ('10000000-0000-0000-0000-000000000003', 'producer', 'rancho-el-palmar',       'Rancho El Palmar',         'active', 'e414e73a-c309-4ae5-af94-79cf7841d118'),
  ('10000000-0000-0000-0000-000000000004', 'producer', 'rancho-la-esperanza',    'Rancho La Esperanza',      'active', 'e414e73a-c309-4ae5-af94-79cf7841d118'),
  ('10000000-0000-0000-0000-000000000005', 'producer', 'rancho-san-antonio',     'Rancho San Antonio',       'active', 'e414e73a-c309-4ae5-af94-79cf7841d118'),
  ('10000000-0000-0000-0000-000000000006', 'producer', 'rancho-la-huerta',       'Rancho La Huerta',         'active', 'e414e73a-c309-4ae5-af94-79cf7841d118'),
  ('10000000-0000-0000-0000-000000000007', 'producer', 'rancho-el-colorado',     'Rancho El Colorado',       'active', 'e414e73a-c309-4ae5-af94-79cf7841d118'),
  ('10000000-0000-0000-0000-000000000008', 'producer', 'rancho-vista-hermosa',   'Rancho Vista Hermosa',     'active', 'e414e73a-c309-4ae5-af94-79cf7841d118'),
  ('10000000-0000-0000-0000-000000000009', 'producer', 'rancho-las-margaritas',  'Rancho Las Margaritas',    'active', 'e414e73a-c309-4ae5-af94-79cf7841d118'),
  ('10000000-0000-0000-0000-000000000010', 'producer', 'rancho-el-porvenir',     'Rancho El Porvenir',       'active', 'e414e73a-c309-4ae5-af94-79cf7841d118')
ON CONFLICT (id) DO NOTHING;

-- Tenants MVZ adicionales (4 más)
INSERT INTO public.tenants (id, type, slug, name, status) VALUES
  ('20000000-0000-0000-0000-000000000001', 'mvz', 'mvz-hernandez',   'MVZ Hernández & Asociados',  'active'),
  ('20000000-0000-0000-0000-000000000002', 'mvz', 'mvz-garcia',      'MVZ García Sanidad Animal',  'active'),
  ('20000000-0000-0000-0000-000000000003', 'mvz', 'mvz-lopez',       'MVZ López Veterinaria',      'active'),
  ('20000000-0000-0000-0000-000000000004', 'mvz', 'mvz-martinez',    'MVZ Martínez Pecuario',      'active')
ON CONFLICT (id) DO NOTHING;


-- ============================================================
-- 2. PRODUCTORES (10)
-- ============================================================

INSERT INTO public.producers (id, owner_tenant_id, user_id, curp, full_name, status) VALUES
  ('30000000-0000-0000-0000-000000000001', '10000000-0000-0000-0000-000000000001', '06f11c9e-b1f0-4600-a685-09969e787e69', 'GARM850312HDGRCR01', 'Carlos García Ramírez',        'active'),
  ('30000000-0000-0000-0000-000000000002', '10000000-0000-0000-0000-000000000002', 'f80dbd00-7444-4d4f-9a62-ea39b7e8131e', 'HELO780515HDFRRN02', 'Lorenzo Herrera López',        'active'),
  ('30000000-0000-0000-0000-000000000003', '10000000-0000-0000-0000-000000000003', 'fe47bf16-34b6-4f00-8bd6-5ddb07d763b4', 'MAVE910220MDFRGR03', 'Verónica Martínez Vega',       'active'),
  ('30000000-0000-0000-0000-000000000004', '10000000-0000-0000-0000-000000000004', '22017a9f-a6eb-4cad-9b81-1d2f5021066e', 'ROBJ730811HDFLBN04', 'Benjamín Robledo Jiménez',     'active'),
  ('30000000-0000-0000-0000-000000000005', '10000000-0000-0000-0000-000000000005', 'c64a800a-66b6-4b25-a72a-9bc95820448e', 'SALP861007HDFLLR05', 'Pedro Salinas Leal',           'active'),
  ('30000000-0000-0000-0000-000000000006', '10000000-0000-0000-0000-000000000006', '83c6fecc-b50c-4f64-9dfd-df4cb6e3f3bd', 'TONA940303MDFLRS06', 'Ana Torres Nava',              'active'),
  ('30000000-0000-0000-0000-000000000007', '10000000-0000-0000-0000-000000000007', '5e12bf31-af38-4092-9bfc-d4218216dee9', 'VALJ800612HDFLDM07', 'Juan Valdez Limas',            'active'),
  ('30000000-0000-0000-0000-000000000008', '10000000-0000-0000-0000-000000000008', '7dcc7e2b-5b3e-4da6-ad1b-2c325755744c', 'ZUNM750919HDFNER08', 'Marco Zúñiga Núñez',           'active'),
  ('30000000-0000-0000-0000-000000000009', '10000000-0000-0000-0000-000000000009', '3417e247-d8d3-4b37-88f7-341a3d906e57', 'CORT691124MDFRRN09', 'Rosa Cortez Reyes',            'active'),
  ('30000000-0000-0000-0000-000000000010', '10000000-0000-0000-0000-000000000010', '7dcc7e2b-5b3e-4da6-ad1b-2c325755744c', 'DIAJ820427HDFLRN10', 'Javier Díaz Álvarez',          'active')
ON CONFLICT (id) DO NOTHING;


-- ============================================================
-- 3. UPPs / RANCHOS (20 — 2 por productor)
-- ============================================================

INSERT INTO public.upps (id, tenant_id, producer_id, upp_code, name, address_text, location_lat, location_lng, hectares_total, herd_limit, status) VALUES
  ('40000000-0000-0000-0000-000000000001', '10000000-0000-0000-0000-000000000001', '30000000-0000-0000-0000-000000000001', 'DGO-001-001', 'Los Álamos Norte',    'Carretera Durango-Mazatlán km 45',    24.0277, -104.6532, 320.5, 200, 'active'),
  ('40000000-0000-0000-0000-000000000002', '10000000-0000-0000-0000-000000000001', '30000000-0000-0000-0000-000000000001', 'DGO-001-002', 'Los Álamos Sur',      'Ejido Ignacio Allende, Durango',      24.0150, -104.6800, 180.0, 100, 'active'),
  ('40000000-0000-0000-0000-000000000003', '10000000-0000-0000-0000-000000000002', '30000000-0000-0000-0000-000000000002', 'DGO-002-001', 'Santa Fe Oriente',    'Municipio de Súchil, Durango',        23.6500, -104.1000, 410.0, 300, 'active'),
  ('40000000-0000-0000-0000-000000000004', '10000000-0000-0000-0000-000000000002', '30000000-0000-0000-0000-000000000002', 'DGO-002-002', 'Santa Fe Poniente',   'Ejido La Concha, Durango',            23.7200, -104.2000, 260.0, 150, 'active'),
  ('40000000-0000-0000-0000-000000000005', '10000000-0000-0000-0000-000000000003', '30000000-0000-0000-0000-000000000003', 'DGO-003-001', 'El Palmar Principal', 'Rancho El Palmar, Nombre de Dios',    23.8600, -104.2500, 550.0, 400, 'active'),
  ('40000000-0000-0000-0000-000000000006', '10000000-0000-0000-0000-000000000003', '30000000-0000-0000-0000-000000000003', 'DGO-003-002', 'El Palmar Anexo',     'Localidad El Mezquital, Durango',     23.9100, -104.3000, 200.0, 120, 'active'),
  ('40000000-0000-0000-0000-000000000007', '10000000-0000-0000-0000-000000000004', '30000000-0000-0000-0000-000000000004', 'DGO-004-001', 'La Esperanza Grande', 'Municipio Pánuco de Coronado',        24.5200, -104.3200, 680.0, 500, 'active'),
  ('40000000-0000-0000-0000-000000000008', '10000000-0000-0000-0000-000000000004', '30000000-0000-0000-0000-000000000004', 'DGO-004-002', 'La Esperanza Chica',  'Ejido Guadalupe Victoria',            24.4500, -104.4000, 150.0,  80, 'active'),
  ('40000000-0000-0000-0000-000000000009', '10000000-0000-0000-0000-000000000005', '30000000-0000-0000-0000-000000000005', 'DGO-005-001', 'San Antonio Loma',    'Comunidad Otinapa, Durango',          23.9800, -104.8000, 390.0, 250, 'active'),
  ('40000000-0000-0000-0000-000000000010', '10000000-0000-0000-0000-000000000005', '30000000-0000-0000-0000-000000000005', 'DGO-005-002', 'San Antonio Bajío',   'Municipio Durango, camino a Topia',   23.9200, -104.8500, 220.0, 130, 'active'),
  ('40000000-0000-0000-0000-000000000011', '10000000-0000-0000-0000-000000000006', '30000000-0000-0000-0000-000000000006', 'DGO-006-001', 'La Huerta Central',   'Ejido La Trinidad, Poanas',           23.8000, -104.0000, 310.0, 200, 'active'),
  ('40000000-0000-0000-0000-000000000012', '10000000-0000-0000-0000-000000000006', '30000000-0000-0000-0000-000000000006', 'DGO-006-002', 'La Huerta Norte',     'Rancho Nuevo, Municipio Durango',     23.8500, -104.0500, 175.0,  90, 'active'),
  ('40000000-0000-0000-0000-000000000013', '10000000-0000-0000-0000-000000000007', '30000000-0000-0000-0000-000000000007', 'DGO-007-001', 'El Colorado Arriba',  'Municipio de Tepehuanes, Durango',    25.3500, -105.7200, 890.0, 600, 'active'),
  ('40000000-0000-0000-0000-000000000014', '10000000-0000-0000-0000-000000000007', '30000000-0000-0000-0000-000000000007', 'DGO-007-002', 'El Colorado Abajo',   'Ejido San Rafael, Tepehuanes',        25.3000, -105.7500, 430.0, 280, 'active'),
  ('40000000-0000-0000-0000-000000000015', '10000000-0000-0000-0000-000000000008', '30000000-0000-0000-0000-000000000008', 'DGO-008-001', 'Vista Hermosa Alfa',  'Comunidad Ciénega de Escobar',        24.8000, -105.0000, 520.0, 350, 'active'),
  ('40000000-0000-0000-0000-000000000016', '10000000-0000-0000-0000-000000000008', '30000000-0000-0000-0000-000000000008', 'DGO-008-002', 'Vista Hermosa Beta',  'Ejido San Isidro, Guanaceví',         24.9200, -105.9000, 290.0, 180, 'quarantined'),
  ('40000000-0000-0000-0000-000000000017', '10000000-0000-0000-0000-000000000009', '30000000-0000-0000-0000-000000000009', 'DGO-009-001', 'Las Margaritas Principal', 'Municipio de Lerdo, Durango',    24.0000, -104.3600, 200.0, 120, 'active'),
  ('40000000-0000-0000-0000-000000000018', '10000000-0000-0000-0000-000000000009', '30000000-0000-0000-0000-000000000009', 'DGO-009-002', 'Las Margaritas Ejido',     'Ejido La Flor, Gómez Palacio',   24.0500, -103.5000, 140.0,  70, 'active'),
  ('40000000-0000-0000-0000-000000000019', '10000000-0000-0000-0000-000000000010', '30000000-0000-0000-0000-000000000010', 'DGO-010-001', 'El Porvenir Grande',  'Municipio de Canatlán, Durango',      24.5200, -104.7500, 480.0, 320, 'active'),
  ('40000000-0000-0000-0000-000000000020', '10000000-0000-0000-0000-000000000010', '30000000-0000-0000-0000-000000000010', 'DGO-010-002', 'El Porvenir Chico',   'Ejido San Lorenzo, Canatlán',         24.5700, -104.8000, 230.0, 140, 'active')
ON CONFLICT (id) DO NOTHING;


-- ============================================================
-- 4. MVZ PROFILES (5 MVZ externos)
-- ============================================================

INSERT INTO public.mvz_profiles (id, owner_tenant_id, user_id, full_name, license_number, status) VALUES
  ('50000000-0000-0000-0000-000000000001', '20000000-0000-0000-0000-000000000001', '8883f4cb-a5b7-4821-aadc-e2e6de203495', 'Dr. Roberto Hernández Cruz',    'CEDULA-MVZ-1001', 'active'),
  ('50000000-0000-0000-0000-000000000002', '20000000-0000-0000-0000-000000000002', '60ad9106-aca8-4324-a953-79dda1842f32', 'Dra. Patricia García Soto',     'CEDULA-MVZ-1002', 'active'),
  ('50000000-0000-0000-0000-000000000003', '20000000-0000-0000-0000-000000000003', '4b07b27b-2298-4034-a9d7-47585b3e1bbe', 'Dr. Miguel López Ramos',        'CEDULA-MVZ-1003', 'active'),
  ('50000000-0000-0000-0000-000000000004', '20000000-0000-0000-0000-000000000004', '7dd40a49-a57a-471f-b87b-5fde6d647c3f', 'Dr. Arturo Martínez Peña',      'CEDULA-MVZ-1004', 'active'),
  ('50000000-0000-0000-0000-000000000005', '4d873822-32e5-465b-9630-177104a1dcc6', '2a0f8875-c722-465c-a0eb-860330bdb28e', 'MVZ test',                      'CEDULA-000000',   'active')
ON CONFLICT (id) DO NOTHING;


-- ============================================================
-- 5. TENANT MEMBERSHIPS (productores en sus tenants)
-- ============================================================

INSERT INTO public.tenant_memberships (id, tenant_id, user_id, status, invited_by_user_id) VALUES
  ('51000000-0000-0000-0000-000000000001', '10000000-0000-0000-0000-000000000001', '06f11c9e-b1f0-4600-a685-09969e787e69', 'active', 'e414e73a-c309-4ae5-af94-79cf7841d118'),
  ('51000000-0000-0000-0000-000000000002', '10000000-0000-0000-0000-000000000002', 'f80dbd00-7444-4d4f-9a62-ea39b7e8131e', 'active', 'e414e73a-c309-4ae5-af94-79cf7841d118'),
  ('51000000-0000-0000-0000-000000000003', '10000000-0000-0000-0000-000000000003', 'fe47bf16-34b6-4f00-8bd6-5ddb07d763b4', 'active', 'e414e73a-c309-4ae5-af94-79cf7841d118'),
  ('51000000-0000-0000-0000-000000000004', '10000000-0000-0000-0000-000000000004', '22017a9f-a6eb-4cad-9b81-1d2f5021066e', 'active', 'e414e73a-c309-4ae5-af94-79cf7841d118'),
  ('51000000-0000-0000-0000-000000000005', '10000000-0000-0000-0000-000000000005', 'c64a800a-66b6-4b25-a72a-9bc95820448e', 'active', 'e414e73a-c309-4ae5-af94-79cf7841d118'),
  ('51000000-0000-0000-0000-000000000006', '10000000-0000-0000-0000-000000000006', '83c6fecc-b50c-4f64-9dfd-df4cb6e3f3bd', 'active', 'e414e73a-c309-4ae5-af94-79cf7841d118'),
  ('51000000-0000-0000-0000-000000000007', '10000000-0000-0000-0000-000000000007', '5e12bf31-af38-4092-9bfc-d4218216dee9', 'active', 'e414e73a-c309-4ae5-af94-79cf7841d118'),
  ('51000000-0000-0000-0000-000000000008', '10000000-0000-0000-0000-000000000008', '7dcc7e2b-5b3e-4da6-ad1b-2c325755744c', 'active', 'e414e73a-c309-4ae5-af94-79cf7841d118'),
  ('51000000-0000-0000-0000-000000000009', '10000000-0000-0000-0000-000000000009', '3417e247-d8d3-4b37-88f7-341a3d906e57', 'active', 'e414e73a-c309-4ae5-af94-79cf7841d118'),
  ('51000000-0000-0000-0000-000000000010', '10000000-0000-0000-0000-000000000010', '7dcc7e2b-5b3e-4da6-ad1b-2c325755744c', 'active', 'e414e73a-c309-4ae5-af94-79cf7841d118')
ON CONFLICT (id) DO NOTHING;

-- Memberships de MVZ en sus tenants
INSERT INTO public.tenant_memberships (id, tenant_id, user_id, status) VALUES
  ('52000000-0000-0000-0000-000000000001', '20000000-0000-0000-0000-000000000001', '8883f4cb-a5b7-4821-aadc-e2e6de203495', 'active'),
  ('52000000-0000-0000-0000-000000000002', '20000000-0000-0000-0000-000000000002', '60ad9106-aca8-4324-a953-79dda1842f32', 'active'),
  ('52000000-0000-0000-0000-000000000003', '20000000-0000-0000-0000-000000000003', '4b07b27b-2298-4034-a9d7-47585b3e1bbe', 'active'),
  ('52000000-0000-0000-0000-000000000004', '20000000-0000-0000-0000-000000000004', '7dd40a49-a57a-471f-b87b-5fde6d647c3f', 'active')
ON CONFLICT (id) DO NOTHING;

-- Admins gobierno adicionales
INSERT INTO public.tenant_memberships (id, tenant_id, user_id, status) VALUES
  ('53000000-0000-0000-0000-000000000001', 'aea996de-33e6-46fe-b05b-a6108c711025', '1502268b-df86-408e-a052-889f7e39eeb0', 'active'),
  ('53000000-0000-0000-0000-000000000002', 'aea996de-33e6-46fe-b05b-a6108c711025', '4447b062-8dd0-4361-92a0-0883aadfe396', 'active'),
  ('53000000-0000-0000-0000-000000000003', 'aea996de-33e6-46fe-b05b-a6108c711025', 'e509b0e6-2d58-491a-8865-abfb4a5015f2', 'active')
ON CONFLICT (id) DO NOTHING;


-- ============================================================
-- 6. TENANT ROLES (producer y mvz para los nuevos tenants)
-- ============================================================

-- Roles para tenants productores
INSERT INTO public.tenant_roles (id, tenant_id, key, name, is_system, priority) VALUES
  ('60000000-0000-0000-0000-000000000001', '10000000-0000-0000-0000-000000000001', 'producer', 'Productor', TRUE, 10),
  ('60000000-0000-0000-0000-000000000002', '10000000-0000-0000-0000-000000000002', 'producer', 'Productor', TRUE, 10),
  ('60000000-0000-0000-0000-000000000003', '10000000-0000-0000-0000-000000000003', 'producer', 'Productor', TRUE, 10),
  ('60000000-0000-0000-0000-000000000004', '10000000-0000-0000-0000-000000000004', 'producer', 'Productor', TRUE, 10),
  ('60000000-0000-0000-0000-000000000005', '10000000-0000-0000-0000-000000000005', 'producer', 'Productor', TRUE, 10),
  ('60000000-0000-0000-0000-000000000006', '10000000-0000-0000-0000-000000000006', 'producer', 'Productor', TRUE, 10),
  ('60000000-0000-0000-0000-000000000007', '10000000-0000-0000-0000-000000000007', 'producer', 'Productor', TRUE, 10),
  ('60000000-0000-0000-0000-000000000008', '10000000-0000-0000-0000-000000000008', 'producer', 'Productor', TRUE, 10),
  ('60000000-0000-0000-0000-000000000009', '10000000-0000-0000-0000-000000000009', 'producer', 'Productor', TRUE, 10),
  ('60000000-0000-0000-0000-000000000010', '10000000-0000-0000-0000-000000000010', 'producer', 'Productor', TRUE, 10)
ON CONFLICT (tenant_id, key) DO NOTHING;

-- Roles para tenants MVZ (mvz_government)
INSERT INTO public.tenant_roles (id, tenant_id, key, name, is_system, priority) VALUES
  ('61000000-0000-0000-0000-000000000001', '20000000-0000-0000-0000-000000000001', 'mvz_government', 'MVZ Gobierno', TRUE, 10),
  ('61000000-0000-0000-0000-000000000002', '20000000-0000-0000-0000-000000000002', 'mvz_government', 'MVZ Gobierno', TRUE, 10),
  ('61000000-0000-0000-0000-000000000003', '20000000-0000-0000-0000-000000000003', 'mvz_government', 'MVZ Gobierno', TRUE, 10),
  ('61000000-0000-0000-0000-000000000004', '20000000-0000-0000-0000-000000000004', 'mvz_government', 'MVZ Gobierno', TRUE, 10)
ON CONFLICT (tenant_id, key) DO NOTHING;


-- ============================================================
-- 7. TENANT USER ROLES (asignar roles a los miembros)
-- ============================================================

-- Productores reciben rol 'producer' en su propio tenant
INSERT INTO public.tenant_user_roles (membership_id, tenant_role_id, assigned_by_user_id) VALUES
  ('51000000-0000-0000-0000-000000000001', '60000000-0000-0000-0000-000000000001', 'e414e73a-c309-4ae5-af94-79cf7841d118'),
  ('51000000-0000-0000-0000-000000000002', '60000000-0000-0000-0000-000000000002', 'e414e73a-c309-4ae5-af94-79cf7841d118'),
  ('51000000-0000-0000-0000-000000000003', '60000000-0000-0000-0000-000000000003', 'e414e73a-c309-4ae5-af94-79cf7841d118'),
  ('51000000-0000-0000-0000-000000000004', '60000000-0000-0000-0000-000000000004', 'e414e73a-c309-4ae5-af94-79cf7841d118'),
  ('51000000-0000-0000-0000-000000000005', '60000000-0000-0000-0000-000000000005', 'e414e73a-c309-4ae5-af94-79cf7841d118'),
  ('51000000-0000-0000-0000-000000000006', '60000000-0000-0000-0000-000000000006', 'e414e73a-c309-4ae5-af94-79cf7841d118'),
  ('51000000-0000-0000-0000-000000000007', '60000000-0000-0000-0000-000000000007', 'e414e73a-c309-4ae5-af94-79cf7841d118'),
  ('51000000-0000-0000-0000-000000000008', '60000000-0000-0000-0000-000000000008', 'e414e73a-c309-4ae5-af94-79cf7841d118'),
  ('51000000-0000-0000-0000-000000000009', '60000000-0000-0000-0000-000000000009', 'e414e73a-c309-4ae5-af94-79cf7841d118'),
  ('51000000-0000-0000-0000-000000000010', '60000000-0000-0000-0000-000000000010', 'e414e73a-c309-4ae5-af94-79cf7841d118')
ON CONFLICT (membership_id, tenant_role_id) DO NOTHING;

-- MVZ reciben rol mvz_government
INSERT INTO public.tenant_user_roles (membership_id, tenant_role_id) VALUES
  ('52000000-0000-0000-0000-000000000001', '61000000-0000-0000-0000-000000000001'),
  ('52000000-0000-0000-0000-000000000002', '61000000-0000-0000-0000-000000000002'),
  ('52000000-0000-0000-0000-000000000003', '61000000-0000-0000-0000-000000000003'),
  ('52000000-0000-0000-0000-000000000004', '61000000-0000-0000-0000-000000000004')
ON CONFLICT (membership_id, tenant_role_id) DO NOTHING;


-- ============================================================
-- 8. PERMISOS POR ROL (producer y mvz_government nuevos tenants)
-- Reutilizamos los permission IDs del SeedActual.sql
-- ============================================================

-- Permisos para roles 'producer' (tenants 1-10)
INSERT INTO public.tenant_role_permissions (tenant_role_id, permission_id)
SELECT tr.id, p.id
FROM public.tenant_roles tr
JOIN public.permissions p ON p.key = ANY(ARRAY[
  'producer.dashboard.read', 'producer.upp.read', 'producer.upp.write',
  'producer.bovinos.read', 'producer.bovinos.write',
  'producer.movements.read', 'producer.movements.write',
  'producer.exports.read', 'producer.exports.write',
  'producer.documents.read', 'producer.documents.write',
  'producer.notifications.read', 'producer.profile.read', 'producer.profile.write',
  'producer.employees.read', 'producer.employees.write'
])
WHERE tr.key = 'producer'
  AND tr.tenant_id IN (
    '10000000-0000-0000-0000-000000000001','10000000-0000-0000-0000-000000000002',
    '10000000-0000-0000-0000-000000000003','10000000-0000-0000-0000-000000000004',
    '10000000-0000-0000-0000-000000000005','10000000-0000-0000-0000-000000000006',
    '10000000-0000-0000-0000-000000000007','10000000-0000-0000-0000-000000000008',
    '10000000-0000-0000-0000-000000000009','10000000-0000-0000-0000-000000000010'
  )
ON CONFLICT (tenant_role_id, permission_id) DO NOTHING;

-- Permisos para roles 'mvz_government' (tenants MVZ 1-4)
INSERT INTO public.tenant_role_permissions (tenant_role_id, permission_id)
SELECT tr.id, p.id
FROM public.tenant_roles tr
JOIN public.permissions p ON p.key = ANY(ARRAY[
  'mvz.dashboard.read', 'mvz.assignments.read', 'mvz.bovinos.read',
  'mvz.tests.read', 'mvz.tests.write', 'mvz.tests.sync',
  'mvz.quarantines.read', 'mvz.quarantines.write',
  'mvz.exports.read', 'mvz.exports.write', 'mvz.notifications.read'
])
WHERE tr.key = 'mvz_government'
  AND tr.tenant_id IN (
    '20000000-0000-0000-0000-000000000001','20000000-0000-0000-0000-000000000002',
    '20000000-0000-0000-0000-000000000003','20000000-0000-0000-0000-000000000004'
  )
ON CONFLICT (tenant_role_id, permission_id) DO NOTHING;


-- ============================================================
-- 9. MVZ UPP ASSIGNMENTS (cada MVZ asignado a varias UPPs)
-- ============================================================

INSERT INTO public.mvz_upp_assignments (id, mvz_profile_id, upp_id, status, assigned_by_user_id) VALUES
  ('70000000-0000-0000-0000-000000000001', '50000000-0000-0000-0000-000000000001', '40000000-0000-0000-0000-000000000001', 'active', 'e414e73a-c309-4ae5-af94-79cf7841d118'),
  ('70000000-0000-0000-0000-000000000002', '50000000-0000-0000-0000-000000000001', '40000000-0000-0000-0000-000000000002', 'active', 'e414e73a-c309-4ae5-af94-79cf7841d118'),
  ('70000000-0000-0000-0000-000000000003', '50000000-0000-0000-0000-000000000001', '40000000-0000-0000-0000-000000000003', 'active', 'e414e73a-c309-4ae5-af94-79cf7841d118'),
  ('70000000-0000-0000-0000-000000000004', '50000000-0000-0000-0000-000000000001', '40000000-0000-0000-0000-000000000004', 'active', 'e414e73a-c309-4ae5-af94-79cf7841d118'),
  ('70000000-0000-0000-0000-000000000005', '50000000-0000-0000-0000-000000000002', '40000000-0000-0000-0000-000000000005', 'active', 'e414e73a-c309-4ae5-af94-79cf7841d118'),
  ('70000000-0000-0000-0000-000000000006', '50000000-0000-0000-0000-000000000002', '40000000-0000-0000-0000-000000000006', 'active', 'e414e73a-c309-4ae5-af94-79cf7841d118'),
  ('70000000-0000-0000-0000-000000000007', '50000000-0000-0000-0000-000000000002', '40000000-0000-0000-0000-000000000007', 'active', 'e414e73a-c309-4ae5-af94-79cf7841d118'),
  ('70000000-0000-0000-0000-000000000008', '50000000-0000-0000-0000-000000000003', '40000000-0000-0000-0000-000000000008', 'active', 'e414e73a-c309-4ae5-af94-79cf7841d118'),
  ('70000000-0000-0000-0000-000000000009', '50000000-0000-0000-0000-000000000003', '40000000-0000-0000-0000-000000000009', 'active', 'e414e73a-c309-4ae5-af94-79cf7841d118'),
  ('70000000-0000-0000-0000-000000000010', '50000000-0000-0000-0000-000000000003', '40000000-0000-0000-0000-000000000010', 'active', 'e414e73a-c309-4ae5-af94-79cf7841d118'),
  ('70000000-0000-0000-0000-000000000011', '50000000-0000-0000-0000-000000000004', '40000000-0000-0000-0000-000000000011', 'active', 'e414e73a-c309-4ae5-af94-79cf7841d118'),
  ('70000000-0000-0000-0000-000000000012', '50000000-0000-0000-0000-000000000004', '40000000-0000-0000-0000-000000000012', 'active', 'e414e73a-c309-4ae5-af94-79cf7841d118'),
  ('70000000-0000-0000-0000-000000000013', '50000000-0000-0000-0000-000000000004', '40000000-0000-0000-0000-000000000013', 'active', 'e414e73a-c309-4ae5-af94-79cf7841d118'),
  -- MVZ test (del SeedActual) también asignado a algunas UPPs
  ('70000000-0000-0000-0000-000000000014', 'b9b032e5-ec6d-49c6-ab27-ea8d3a51e12b', '40000000-0000-0000-0000-000000000014', 'active', 'e414e73a-c309-4ae5-af94-79cf7841d118'),
  ('70000000-0000-0000-0000-000000000015', 'b9b032e5-ec6d-49c6-ab27-ea8d3a51e12b', '40000000-0000-0000-0000-000000000015', 'active', 'e414e73a-c309-4ae5-af94-79cf7841d118'),
  ('70000000-0000-0000-0000-000000000016', 'b9b032e5-ec6d-49c6-ab27-ea8d3a51e12b', '40000000-0000-0000-0000-000000000016', 'active', 'e414e73a-c309-4ae5-af94-79cf7841d118'),
  ('70000000-0000-0000-0000-000000000017', 'b9b032e5-ec6d-49c6-ab27-ea8d3a51e12b', '40000000-0000-0000-0000-000000000017', 'active', 'e414e73a-c309-4ae5-af94-79cf7841d118'),
  ('70000000-0000-0000-0000-000000000018', 'b9b032e5-ec6d-49c6-ab27-ea8d3a51e12b', '40000000-0000-0000-0000-000000000018', 'active', 'e414e73a-c309-4ae5-af94-79cf7841d118'),
  ('70000000-0000-0000-0000-000000000019', 'b9b032e5-ec6d-49c6-ab27-ea8d3a51e12b', '40000000-0000-0000-0000-000000000019', 'active', 'e414e73a-c309-4ae5-af94-79cf7841d118'),
  ('70000000-0000-0000-0000-000000000020', 'b9b032e5-ec6d-49c6-ab27-ea8d3a51e12b', '40000000-0000-0000-0000-000000000020', 'active', 'e414e73a-c309-4ae5-af94-79cf7841d118')
ON CONFLICT (mvz_profile_id, upp_id) DO NOTHING;


-- ============================================================
-- 10. ANIMALES (20 bovinos distribuidos en las primeras 5 UPPs)
-- ============================================================

INSERT INTO public.animals (id, tenant_id, upp_id, siniiga_tag, sex, birth_date, status) VALUES
  ('80000000-0000-0000-0000-000000000001', '10000000-0000-0000-0000-000000000001', '40000000-0000-0000-0000-000000000001', 'MX-DGO-001-00001', 'F', '2020-03-15', 'active'),
  ('80000000-0000-0000-0000-000000000002', '10000000-0000-0000-0000-000000000001', '40000000-0000-0000-0000-000000000001', 'MX-DGO-001-00002', 'F', '2019-07-22', 'active'),
  ('80000000-0000-0000-0000-000000000003', '10000000-0000-0000-0000-000000000001', '40000000-0000-0000-0000-000000000001', 'MX-DGO-001-00003', 'M', '2021-01-10', 'active'),
  ('80000000-0000-0000-0000-000000000004', '10000000-0000-0000-0000-000000000001', '40000000-0000-0000-0000-000000000001', 'MX-DGO-001-00004', 'F', '2020-11-05', 'active'),
  ('80000000-0000-0000-0000-000000000005', '10000000-0000-0000-0000-000000000001', '40000000-0000-0000-0000-000000000002', 'MX-DGO-001-00005', 'F', '2018-06-18', 'active'),
  ('80000000-0000-0000-0000-000000000006', '10000000-0000-0000-0000-000000000002', '40000000-0000-0000-0000-000000000003', 'MX-DGO-002-00001', 'F', '2021-04-25', 'active'),
  ('80000000-0000-0000-0000-000000000007', '10000000-0000-0000-0000-000000000002', '40000000-0000-0000-0000-000000000003', 'MX-DGO-002-00002', 'F', '2020-09-12', 'active'),
  ('80000000-0000-0000-0000-000000000008', '10000000-0000-0000-0000-000000000002', '40000000-0000-0000-0000-000000000003', 'MX-DGO-002-00003', 'M', '2019-12-01', 'active'),
  ('80000000-0000-0000-0000-000000000009', '10000000-0000-0000-0000-000000000002', '40000000-0000-0000-0000-000000000004', 'MX-DGO-002-00004', 'F', '2022-02-14', 'active'),
  ('80000000-0000-0000-0000-000000000010', '10000000-0000-0000-0000-000000000002', '40000000-0000-0000-0000-000000000004', 'MX-DGO-002-00005', 'F', '2021-08-30', 'active'),
  ('80000000-0000-0000-0000-000000000011', '10000000-0000-0000-0000-000000000003', '40000000-0000-0000-0000-000000000005', 'MX-DGO-003-00001', 'F', '2020-05-07', 'active'),
  ('80000000-0000-0000-0000-000000000012', '10000000-0000-0000-0000-000000000003', '40000000-0000-0000-0000-000000000005', 'MX-DGO-003-00002', 'M', '2019-11-19', 'active'),
  ('80000000-0000-0000-0000-000000000013', '10000000-0000-0000-0000-000000000003', '40000000-0000-0000-0000-000000000005', 'MX-DGO-003-00003', 'F', '2021-07-03', 'active'),
  ('80000000-0000-0000-0000-000000000014', '10000000-0000-0000-0000-000000000003', '40000000-0000-0000-0000-000000000006', 'MX-DGO-003-00004', 'F', '2022-01-20', 'active'),
  ('80000000-0000-0000-0000-000000000015', '10000000-0000-0000-0000-000000000004', '40000000-0000-0000-0000-000000000007', 'MX-DGO-004-00001', 'F', '2020-08-11', 'active'),
  ('80000000-0000-0000-0000-000000000016', '10000000-0000-0000-0000-000000000004', '40000000-0000-0000-0000-000000000007', 'MX-DGO-004-00002', 'M', '2018-04-23', 'active'),
  ('80000000-0000-0000-0000-000000000017', '10000000-0000-0000-0000-000000000004', '40000000-0000-0000-0000-000000000007', 'MX-DGO-004-00003', 'F', '2021-10-14', 'active'),
  ('80000000-0000-0000-0000-000000000018', '10000000-0000-0000-0000-000000000004', '40000000-0000-0000-0000-000000000008', 'MX-DGO-004-00004', 'F', '2020-02-28', 'blocked'),
  ('80000000-0000-0000-0000-000000000019', '10000000-0000-0000-0000-000000000005', '40000000-0000-0000-0000-000000000009', 'MX-DGO-005-00001', 'F', '2019-09-09', 'active'),
  ('80000000-0000-0000-0000-000000000020', '10000000-0000-0000-0000-000000000005', '40000000-0000-0000-0000-000000000010', 'MX-DGO-005-00002', 'M', '2022-05-17', 'active')
ON CONFLICT (id) DO NOTHING;


-- ============================================================
-- 11. PRUEBAS DE CAMPO / FIELD TESTS (20)
-- test_type IDs del SeedActual: tb=7f4bb615, br=87165c07
-- ============================================================

INSERT INTO public.field_tests (id, tenant_id, animal_id, upp_id, mvz_profile_id, test_type_id, sample_date, result, valid_until, captured_lat, captured_lng) VALUES
  ('90000000-0000-0000-0000-000000000001', '10000000-0000-0000-0000-000000000001', '80000000-0000-0000-0000-000000000001', '40000000-0000-0000-0000-000000000001', '50000000-0000-0000-0000-000000000001', '7f4bb615-7ec1-40bd-85df-1b2338815cf2', '2025-01-10', 'negative',     '2026-01-10', 24.0277, -104.6532),
  ('90000000-0000-0000-0000-000000000002', '10000000-0000-0000-0000-000000000001', '80000000-0000-0000-0000-000000000002', '40000000-0000-0000-0000-000000000001', '50000000-0000-0000-0000-000000000001', '87165c07-4c9d-4046-8e9f-6bcba9d08863', '2025-01-10', 'negative',     '2026-01-10', 24.0277, -104.6532),
  ('90000000-0000-0000-0000-000000000003', '10000000-0000-0000-0000-000000000001', '80000000-0000-0000-0000-000000000003', '40000000-0000-0000-0000-000000000001', '50000000-0000-0000-0000-000000000001', '7f4bb615-7ec1-40bd-85df-1b2338815cf2', '2025-02-14', 'negative',     '2026-02-14', 24.0277, -104.6532),
  ('90000000-0000-0000-0000-000000000004', '10000000-0000-0000-0000-000000000001', '80000000-0000-0000-0000-000000000004', '40000000-0000-0000-0000-000000000001', '50000000-0000-0000-0000-000000000001', '87165c07-4c9d-4046-8e9f-6bcba9d08863', '2025-02-14', 'inconclusive', '2026-02-14', 24.0277, -104.6532),
  ('90000000-0000-0000-0000-000000000005', '10000000-0000-0000-0000-000000000001', '80000000-0000-0000-0000-000000000005', '40000000-0000-0000-0000-000000000002', '50000000-0000-0000-0000-000000000001', '7f4bb615-7ec1-40bd-85df-1b2338815cf2', '2025-03-01', 'negative',     '2026-03-01', 24.0150, -104.6800),
  ('90000000-0000-0000-0000-000000000006', '10000000-0000-0000-0000-000000000002', '80000000-0000-0000-0000-000000000006', '40000000-0000-0000-0000-000000000003', '50000000-0000-0000-0000-000000000002', '7f4bb615-7ec1-40bd-85df-1b2338815cf2', '2025-01-20', 'negative',     '2026-01-20', 23.6500, -104.1000),
  ('90000000-0000-0000-0000-000000000007', '10000000-0000-0000-0000-000000000002', '80000000-0000-0000-0000-000000000007', '40000000-0000-0000-0000-000000000003', '50000000-0000-0000-0000-000000000002', '87165c07-4c9d-4046-8e9f-6bcba9d08863', '2025-01-20', 'positive',     NULL,         23.6500, -104.1000),
  ('90000000-0000-0000-0000-000000000008', '10000000-0000-0000-0000-000000000002', '80000000-0000-0000-0000-000000000008', '40000000-0000-0000-0000-000000000003', '50000000-0000-0000-0000-000000000002', '7f4bb615-7ec1-40bd-85df-1b2338815cf2', '2025-04-05', 'negative',     '2026-04-05', 23.6500, -104.1000),
  ('90000000-0000-0000-0000-000000000009', '10000000-0000-0000-0000-000000000002', '80000000-0000-0000-0000-000000000009', '40000000-0000-0000-0000-000000000004', '50000000-0000-0000-0000-000000000002', '87165c07-4c9d-4046-8e9f-6bcba9d08863', '2025-04-05', 'negative',     '2026-04-05', 23.7200, -104.2000),
  ('90000000-0000-0000-0000-000000000010', '10000000-0000-0000-0000-000000000002', '80000000-0000-0000-0000-000000000010', '40000000-0000-0000-0000-000000000004', '50000000-0000-0000-0000-000000000002', '7f4bb615-7ec1-40bd-85df-1b2338815cf2', '2025-05-18', 'negative',     '2026-05-18', 23.7200, -104.2000),
  ('90000000-0000-0000-0000-000000000011', '10000000-0000-0000-0000-000000000003', '80000000-0000-0000-0000-000000000011', '40000000-0000-0000-0000-000000000005', '50000000-0000-0000-0000-000000000003', '7f4bb615-7ec1-40bd-85df-1b2338815cf2', '2025-02-22', 'negative',     '2026-02-22', 23.8600, -104.2500),
  ('90000000-0000-0000-0000-000000000012', '10000000-0000-0000-0000-000000000003', '80000000-0000-0000-0000-000000000012', '40000000-0000-0000-0000-000000000005', '50000000-0000-0000-0000-000000000003', '87165c07-4c9d-4046-8e9f-6bcba9d08863', '2025-02-22', 'negative',     '2026-02-22', 23.8600, -104.2500),
  ('90000000-0000-0000-0000-000000000013', '10000000-0000-0000-0000-000000000003', '80000000-0000-0000-0000-000000000013', '40000000-0000-0000-0000-000000000005', '50000000-0000-0000-0000-000000000003', '7f4bb615-7ec1-40bd-85df-1b2338815cf2', '2025-06-10', 'inconclusive', NULL,         23.8600, -104.2500),
  ('90000000-0000-0000-0000-000000000014', '10000000-0000-0000-0000-000000000003', '80000000-0000-0000-0000-000000000014', '40000000-0000-0000-0000-000000000006', '50000000-0000-0000-0000-000000000003', '87165c07-4c9d-4046-8e9f-6bcba9d08863', '2025-06-10', 'negative',     '2026-06-10', 23.9100, -104.3000),
  ('90000000-0000-0000-0000-000000000015', '10000000-0000-0000-0000-000000000004', '80000000-0000-0000-0000-000000000015', '40000000-0000-0000-0000-000000000007', '50000000-0000-0000-0000-000000000004', '7f4bb615-7ec1-40bd-85df-1b2338815cf2', '2025-03-30', 'negative',     '2026-03-30', 24.5200, -104.3200),
  ('90000000-0000-0000-0000-000000000016', '10000000-0000-0000-0000-000000000004', '80000000-0000-0000-0000-000000000016', '40000000-0000-0000-0000-000000000007', '50000000-0000-0000-0000-000000000004', '87165c07-4c9d-4046-8e9f-6bcba9d08863', '2025-03-30', 'negative',     '2026-03-30', 24.5200, -104.3200),
  ('90000000-0000-0000-0000-000000000017', '10000000-0000-0000-0000-000000000004', '80000000-0000-0000-0000-000000000017', '40000000-0000-0000-0000-000000000007', '50000000-0000-0000-0000-000000000004', '7f4bb615-7ec1-40bd-85df-1b2338815cf2', '2025-07-07', 'positive',     NULL,         24.5200, -104.3200),
  ('90000000-0000-0000-0000-000000000018', '10000000-0000-0000-0000-000000000004', '80000000-0000-0000-0000-000000000018', '40000000-0000-0000-0000-000000000008', '50000000-0000-0000-0000-000000000004', '87165c07-4c9d-4046-8e9f-6bcba9d08863', '2025-07-07', 'negative',     '2026-07-07', 24.4500, -104.4000),
  ('90000000-0000-0000-0000-000000000019', '10000000-0000-0000-0000-000000000005', '80000000-0000-0000-0000-000000000019', '40000000-0000-0000-0000-000000000009', 'b9b032e5-ec6d-49c6-ab27-ea8d3a51e12b', '7f4bb615-7ec1-40bd-85df-1b2338815cf2', '2025-08-14', 'negative',     '2026-08-14', 23.9800, -104.8000),
  ('90000000-0000-0000-0000-000000000020', '10000000-0000-0000-0000-000000000005', '80000000-0000-0000-0000-000000000020', '40000000-0000-0000-0000-000000000010', 'b9b032e5-ec6d-49c6-ab27-ea8d3a51e12b', '87165c07-4c9d-4046-8e9f-6bcba9d08863', '2025-08-14', 'negative',     '2026-08-14', 23.9200, -104.8500)
ON CONFLICT (id) DO NOTHING;


-- ============================================================
-- 12. VACUNACIONES (20 — migration_002)
-- ============================================================

INSERT INTO public.animal_vaccinations (id, tenant_id, upp_id, animal_id, vaccine_name, dose, status, applied_at, due_at, applied_by_mvz_profile_id) VALUES
  ('a0000000-0000-0000-0000-000000000001', '10000000-0000-0000-0000-000000000001', '40000000-0000-0000-0000-000000000001', '80000000-0000-0000-0000-000000000001', 'Triple Bovina (IBR/BVD/PI3)',    'Dosis 1', 'applied',  '2025-01-10', '2026-01-10', '50000000-0000-0000-0000-000000000001'),
  ('a0000000-0000-0000-0000-000000000002', '10000000-0000-0000-0000-000000000001', '40000000-0000-0000-0000-000000000001', '80000000-0000-0000-0000-000000000002', 'Triple Bovina (IBR/BVD/PI3)',    'Dosis 1', 'applied',  '2025-01-10', '2026-01-10', '50000000-0000-0000-0000-000000000001'),
  ('a0000000-0000-0000-0000-000000000003', '10000000-0000-0000-0000-000000000001', '40000000-0000-0000-0000-000000000001', '80000000-0000-0000-0000-000000000003', 'Clostridial 7-Way',             'Dosis 1', 'applied',  '2025-02-01', '2026-02-01', '50000000-0000-0000-0000-000000000001'),
  ('a0000000-0000-0000-0000-000000000004', '10000000-0000-0000-0000-000000000001', '40000000-0000-0000-0000-000000000001', '80000000-0000-0000-0000-000000000004', 'Clostridial 7-Way',             'Dosis 1', 'pending',  NULL,         '2025-12-01', NULL),
  ('a0000000-0000-0000-0000-000000000005', '10000000-0000-0000-0000-000000000001', '40000000-0000-0000-0000-000000000002', '80000000-0000-0000-0000-000000000005', 'Rabia',                         'Anual',   'applied',  '2025-03-15', '2026-03-15', '50000000-0000-0000-0000-000000000001'),
  ('a0000000-0000-0000-0000-000000000006', '10000000-0000-0000-0000-000000000002', '40000000-0000-0000-0000-000000000003', '80000000-0000-0000-0000-000000000006', 'Triple Bovina (IBR/BVD/PI3)',    'Dosis 1', 'applied',  '2025-01-20', '2026-01-20', '50000000-0000-0000-0000-000000000002'),
  ('a0000000-0000-0000-0000-000000000007', '10000000-0000-0000-0000-000000000002', '40000000-0000-0000-0000-000000000003', '80000000-0000-0000-0000-000000000007', 'Brucelosis S19',                'Única',   'applied',  '2025-01-20', NULL,         '50000000-0000-0000-0000-000000000002'),
  ('a0000000-0000-0000-0000-000000000008', '10000000-0000-0000-0000-000000000002', '40000000-0000-0000-0000-000000000003', '80000000-0000-0000-0000-000000000008', 'Clostridial 7-Way',             'Dosis 2', 'applied',  '2025-04-10', '2026-04-10', '50000000-0000-0000-0000-000000000002'),
  ('a0000000-0000-0000-0000-000000000009', '10000000-0000-0000-0000-000000000002', '40000000-0000-0000-0000-000000000004', '80000000-0000-0000-0000-000000000009', 'Rabia',                         'Anual',   'pending',  NULL,         '2025-11-01', NULL),
  ('a0000000-0000-0000-0000-000000000010', '10000000-0000-0000-0000-000000000002', '40000000-0000-0000-0000-000000000004', '80000000-0000-0000-0000-000000000010', 'Triple Bovina (IBR/BVD/PI3)',    'Dosis 2', 'applied',  '2025-05-20', '2026-05-20', '50000000-0000-0000-0000-000000000002'),
  ('a0000000-0000-0000-0000-000000000011', '10000000-0000-0000-0000-000000000003', '40000000-0000-0000-0000-000000000005', '80000000-0000-0000-0000-000000000011', 'Brucelosis RB51',               'Única',   'applied',  '2025-02-25', NULL,         '50000000-0000-0000-0000-000000000003'),
  ('a0000000-0000-0000-0000-000000000012', '10000000-0000-0000-0000-000000000003', '40000000-0000-0000-0000-000000000005', '80000000-0000-0000-0000-000000000012', 'Clostridial 7-Way',             'Dosis 1', 'applied',  '2025-02-25', '2026-02-25', '50000000-0000-0000-0000-000000000003'),
  ('a0000000-0000-0000-0000-000000000013', '10000000-0000-0000-0000-000000000003', '40000000-0000-0000-0000-000000000005', '80000000-0000-0000-0000-000000000013', 'Triple Bovina (IBR/BVD/PI3)',    'Dosis 1', 'overdue',  NULL,         '2025-06-01', NULL),
  ('a0000000-0000-0000-0000-000000000014', '10000000-0000-0000-0000-000000000003', '40000000-0000-0000-0000-000000000006', '80000000-0000-0000-0000-000000000014', 'Rabia',                         'Anual',   'applied',  '2025-06-12', '2026-06-12', '50000000-0000-0000-0000-000000000003'),
  ('a0000000-0000-0000-0000-000000000015', '10000000-0000-0000-0000-000000000004', '40000000-0000-0000-0000-000000000007', '80000000-0000-0000-0000-000000000015', 'Triple Bovina (IBR/BVD/PI3)',    'Dosis 1', 'applied',  '2025-03-30', '2026-03-30', '50000000-0000-0000-0000-000000000004'),
  ('a0000000-0000-0000-0000-000000000016', '10000000-0000-0000-0000-000000000004', '40000000-0000-0000-0000-000000000007', '80000000-0000-0000-0000-000000000016', 'Clostridial 7-Way',             'Dosis 1', 'applied',  '2025-03-30', '2026-03-30', '50000000-0000-0000-0000-000000000004'),
  ('a0000000-0000-0000-0000-000000000017', '10000000-0000-0000-0000-000000000004', '40000000-0000-0000-0000-000000000007', '80000000-0000-0000-0000-000000000017', 'Brucelosis S19',                'Única',   'applied',  '2025-07-10', NULL,         '50000000-0000-0000-0000-000000000004'),
  ('a0000000-0000-0000-0000-000000000018', '10000000-0000-0000-0000-000000000004', '40000000-0000-0000-0000-000000000008', '80000000-0000-0000-0000-000000000018', 'Rabia',                         'Anual',   'cancelled', NULL,         '2025-08-01', NULL),
  ('a0000000-0000-0000-0000-000000000019', '10000000-0000-0000-0000-000000000005', '40000000-0000-0000-0000-000000000009', '80000000-0000-0000-0000-000000000019', 'Triple Bovina (IBR/BVD/PI3)',    'Dosis 1', 'applied',  '2025-08-15', '2026-08-15', 'b9b032e5-ec6d-49c6-ab27-ea8d3a51e12b'),
  ('a0000000-0000-0000-0000-000000000020', '10000000-0000-0000-0000-000000000005', '40000000-0000-0000-0000-000000000010', '80000000-0000-0000-0000-000000000020', 'Clostridial 7-Way',             'Dosis 1', 'pending',  NULL,         '2025-10-01', NULL)
ON CONFLICT (id) DO NOTHING;


-- ============================================================
-- 13. INCIDENCIAS SANITARIAS (20 — migration_002)
-- ============================================================

INSERT INTO public.sanitary_incidents (id, tenant_id, upp_id, animal_id, incident_type, severity, status, detected_at, description, reported_by_mvz_profile_id) VALUES
  ('b0000000-0000-0000-0000-000000000001', '10000000-0000-0000-0000-000000000001', '40000000-0000-0000-0000-000000000001', '80000000-0000-0000-0000-000000000001', 'Cojera', 'low', 'resolved', '2025-01-15 09:00:00+00', 'Bovino con cojera en extremidad posterior derecha. Revisada y tratada.', '50000000-0000-0000-0000-000000000001'),
  ('b0000000-0000-0000-0000-000000000002', '10000000-0000-0000-0000-000000000001', '40000000-0000-0000-0000-000000000001', '80000000-0000-0000-0000-000000000002', 'Aborto', 'high', 'in_progress', '2025-02-20 14:30:00+00', 'Se reporta aborto espontáneo. Se toman muestras para brucelosis.', '50000000-0000-0000-0000-000000000001'),
  ('b0000000-0000-0000-0000-000000000003', '10000000-0000-0000-0000-000000000001', '40000000-0000-0000-0000-000000000002', '80000000-0000-0000-0000-000000000005', 'Diarrea', 'medium', 'resolved', '2025-03-05 08:00:00+00', 'Cuadro diarreico agudo. Tratamiento con electrolitos.', '50000000-0000-0000-0000-000000000001'),
  ('b0000000-0000-0000-0000-000000000004', '10000000-0000-0000-0000-000000000002', '40000000-0000-0000-0000-000000000003', '80000000-0000-0000-0000-000000000007', 'Brucelosis sospecha', 'critical', 'open', '2025-01-22 11:00:00+00', 'Reacción positiva en prueba de brucelosis. Se mantiene en cuarentena interna.', '50000000-0000-0000-0000-000000000002'),
  ('b0000000-0000-0000-0000-000000000005', '10000000-0000-0000-0000-000000000002', '40000000-0000-0000-0000-000000000003', '80000000-0000-0000-0000-000000000006', 'Parasitosis', 'medium', 'resolved', '2025-01-25 10:00:00+00', 'Carga parasitaria elevada. Desparasitación aplicada.', '50000000-0000-0000-0000-000000000002'),
  ('b0000000-0000-0000-0000-000000000006', '10000000-0000-0000-0000-000000000002', '40000000-0000-0000-0000-000000000004', '80000000-0000-0000-0000-000000000009', 'Herida traumática', 'low', 'resolved', '2025-04-08 16:00:00+00', 'Herida en cuello por alambrado. Sutura y antibiótico.', '50000000-0000-0000-0000-000000000002'),
  ('b0000000-0000-0000-0000-000000000007', '10000000-0000-0000-0000-000000000003', '40000000-0000-0000-0000-000000000005', '80000000-0000-0000-0000-000000000013', 'TB sospecha', 'high', 'in_progress', '2025-06-12 09:30:00+00', 'Resultado inconcluso en prueba de tuberculosis. Reprogramar a 60 días.', '50000000-0000-0000-0000-000000000003'),
  ('b0000000-0000-0000-0000-000000000008', '10000000-0000-0000-0000-000000000003', '40000000-0000-0000-0000-000000000005', '80000000-0000-0000-0000-000000000011', 'Mastitis', 'medium', 'resolved', '2025-03-01 07:00:00+00', 'Mastitis clínica en cuarto anterior izquierdo. Tratamiento intramamario.', '50000000-0000-0000-0000-000000000003'),
  ('b0000000-0000-0000-0000-000000000009', '10000000-0000-0000-0000-000000000003', '40000000-0000-0000-0000-000000000006', '80000000-0000-0000-0000-000000000014', 'Timpanismo', 'medium', 'resolved', '2025-06-15 12:00:00+00', 'Timpanismo espumoso por cambio brusco de pastoreo.', '50000000-0000-0000-0000-000000000003'),
  ('b0000000-0000-0000-0000-000000000010', '10000000-0000-0000-0000-000000000004', '40000000-0000-0000-0000-000000000007', '80000000-0000-0000-0000-000000000017', 'Tuberculosis confirmada', 'critical', 'open', '2025-07-08 10:00:00+00', 'Resultado positivo confirmado en cultivo. Notificación a gobierno. Animal en cuarentena.', '50000000-0000-0000-0000-000000000004'),
  ('b0000000-0000-0000-0000-000000000011', '10000000-0000-0000-0000-000000000004', '40000000-0000-0000-0000-000000000007', '80000000-0000-0000-0000-000000000015', 'Cojera', 'low', 'resolved', '2025-04-02 08:00:00+00', 'Cojera por absceso en casco. Desbridamiento y tratamiento local.', '50000000-0000-0000-0000-000000000004'),
  ('b0000000-0000-0000-0000-000000000012', '10000000-0000-0000-0000-000000000004', '40000000-0000-0000-0000-000000000008', '80000000-0000-0000-0000-000000000018', 'Intoxicación', 'high', 'dismissed', '2025-07-10 15:00:00+00', 'Sospecha de intoxicación por planta. Síntomas leves, se resolvió espontáneamente.', '50000000-0000-0000-0000-000000000004'),
  ('b0000000-0000-0000-0000-000000000013', '10000000-0000-0000-0000-000000000005', '40000000-0000-0000-0000-000000000009', '80000000-0000-0000-0000-000000000019', 'Diarrea neonatal', 'medium', 'resolved', '2025-08-20 09:00:00+00', 'Ternero con diarrea. Tratamiento exitoso con sales y antibiótico.', 'b9b032e5-ec6d-49c6-ab27-ea8d3a51e12b'),
  ('b0000000-0000-0000-0000-000000000014', '10000000-0000-0000-0000-000000000005', '40000000-0000-0000-0000-000000000010', '80000000-0000-0000-0000-000000000020', 'Parasitosis externa', 'low', 'in_progress', '2025-08-25 11:00:00+00', 'Infestación por garrapatas. Baño garrapaticida en proceso.', 'b9b032e5-ec6d-49c6-ab27-ea8d3a51e12b'),
  ('b0000000-0000-0000-0000-000000000015', '10000000-0000-0000-0000-000000000001', '40000000-0000-0000-0000-000000000001', '80000000-0000-0000-0000-000000000003', 'Neumonía', 'high', 'resolved', '2025-04-18 13:00:00+00', 'Bovino con fiebre alta y secreción nasal. Tratada con antibioterapia.', '50000000-0000-0000-0000-000000000001'),
  ('b0000000-0000-0000-0000-000000000016', '10000000-0000-0000-0000-000000000002', '40000000-0000-0000-0000-000000000004', '80000000-0000-0000-0000-000000000010', 'Hipocalcemia', 'medium', 'resolved', '2025-05-25 07:30:00+00', 'Vaca recién parida con hipocalcemia. Calcio IV administrado.', '50000000-0000-0000-0000-000000000002'),
  ('b0000000-0000-0000-0000-000000000017', '10000000-0000-0000-0000-000000000003', '40000000-0000-0000-0000-000000000005', '80000000-0000-0000-0000-000000000012', 'Retención placentaria', 'medium', 'resolved', '2025-07-03 08:00:00+00', 'Placenta retenida 24 h post parto. Remoción manual y tratamiento.', '50000000-0000-0000-0000-000000000003'),
  ('b0000000-0000-0000-0000-000000000018', '10000000-0000-0000-0000-000000000004', '40000000-0000-0000-0000-000000000007', '80000000-0000-0000-0000-000000000016', 'Queratoconjuntivitis', 'low', 'resolved', '2025-05-14 10:00:00+00', 'Ojo rosado en toro. Tratamiento con oxitetraciclina ocular.', '50000000-0000-0000-0000-000000000004'),
  ('b0000000-0000-0000-0000-000000000019', '10000000-0000-0000-0000-000000000001', '40000000-0000-0000-0000-000000000001', '80000000-0000-0000-0000-000000000004', 'Cetosis', 'medium', 'in_progress', '2025-09-01 09:00:00+00', 'Vaca en transición con cetosis subclínica. Propilengcicol en tratamiento.', '50000000-0000-0000-0000-000000000001'),
  ('b0000000-0000-0000-0000-000000000020', '10000000-0000-0000-0000-000000000002', '40000000-0000-0000-0000-000000000003', '80000000-0000-0000-0000-000000000008', 'Edema de ubre', 'low', 'open', '2025-09-10 11:00:00+00', 'Edema mamario post parto. Bajo seguimiento.', '50000000-0000-0000-0000-000000000002')
ON CONFLICT (id) DO NOTHING;


-- ============================================================
-- 14. VISITAS MVZ A RANCHOS (20 — migration_002)
-- ============================================================

INSERT INTO public.mvz_visits (id, tenant_id, upp_id, mvz_profile_id, visit_type, status, scheduled_at, started_at, finished_at, notes) VALUES
  ('c0000000-0000-0000-0000-000000000001', '10000000-0000-0000-0000-000000000001', '40000000-0000-0000-0000-000000000001', '50000000-0000-0000-0000-000000000001', 'inspection',    'completed',   '2025-01-10 08:00:00+00', '2025-01-10 08:30:00+00', '2025-01-10 11:00:00+00', 'Inspección rutinaria semestral. Sin observaciones críticas.'),
  ('c0000000-0000-0000-0000-000000000002', '10000000-0000-0000-0000-000000000001', '40000000-0000-0000-0000-000000000001', '50000000-0000-0000-0000-000000000001', 'sanitary_test', 'completed',   '2025-02-14 09:00:00+00', '2025-02-14 09:15:00+00', '2025-02-14 12:30:00+00', 'Aplicación de pruebas de tuberculosis y brucelosis.'),
  ('c0000000-0000-0000-0000-000000000003', '10000000-0000-0000-0000-000000000001', '40000000-0000-0000-0000-000000000002', '50000000-0000-0000-0000-000000000001', 'inspection',    'completed',   '2025-03-01 08:00:00+00', '2025-03-01 08:20:00+00', '2025-03-01 10:45:00+00', 'Visita de seguimiento post tratamiento diarrea.'),
  ('c0000000-0000-0000-0000-000000000004', '10000000-0000-0000-0000-000000000002', '40000000-0000-0000-0000-000000000003', '50000000-0000-0000-0000-000000000002', 'sanitary_test', 'completed',   '2025-01-20 07:30:00+00', '2025-01-20 08:00:00+00', '2025-01-20 13:00:00+00', 'Pruebas completas. Resultado positivo brucelosis en animal #7.'),
  ('c0000000-0000-0000-0000-000000000005', '10000000-0000-0000-0000-000000000002', '40000000-0000-0000-0000-000000000003', '50000000-0000-0000-0000-000000000002', 'emergency',     'completed',   '2025-01-22 14:00:00+00', '2025-01-22 14:30:00+00', '2025-01-22 17:00:00+00', 'Visita de emergencia por caso positivo brucelosis.'),
  ('c0000000-0000-0000-0000-000000000006', '10000000-0000-0000-0000-000000000002', '40000000-0000-0000-0000-000000000004', '50000000-0000-0000-0000-000000000002', 'inspection',    'completed',   '2025-04-08 09:00:00+00', '2025-04-08 09:10:00+00', '2025-04-08 11:30:00+00', 'Visita de rutina. Animal herido en proceso de cicatrización.'),
  ('c0000000-0000-0000-0000-000000000007', '10000000-0000-0000-0000-000000000003', '40000000-0000-0000-0000-000000000005', '50000000-0000-0000-0000-000000000003', 'sanitary_test', 'completed',   '2025-02-22 08:00:00+00', '2025-02-22 08:30:00+00', '2025-02-22 13:00:00+00', 'Campaña de vacunación y pruebas sanitarias.'),
  ('c0000000-0000-0000-0000-000000000008', '10000000-0000-0000-0000-000000000003', '40000000-0000-0000-0000-000000000005', '50000000-0000-0000-0000-000000000003', 'inspection',    'completed',   '2025-06-10 09:00:00+00', '2025-06-10 09:20:00+00', '2025-06-10 12:00:00+00', 'Seguimiento prueba TB inconclusa. Se programa retoma.'),
  ('c0000000-0000-0000-0000-000000000009', '10000000-0000-0000-0000-000000000003', '40000000-0000-0000-0000-000000000006', '50000000-0000-0000-0000-000000000003', 'inspection',    'completed',   '2025-06-15 11:30:00+00', '2025-06-15 12:00:00+00', '2025-06-15 14:00:00+00', 'Atención timpanismo. Animal se recupera bien.'),
  ('c0000000-0000-0000-0000-000000000010', '10000000-0000-0000-0000-000000000004', '40000000-0000-0000-0000-000000000007', '50000000-0000-0000-0000-000000000004', 'sanitary_test', 'completed',   '2025-03-30 07:00:00+00', '2025-03-30 07:30:00+00', '2025-03-30 14:00:00+00', 'Pruebas TB y brucelosis. Todo el hato revisado.'),
  ('c0000000-0000-0000-0000-000000000011', '10000000-0000-0000-0000-000000000004', '40000000-0000-0000-0000-000000000007', '50000000-0000-0000-0000-000000000004', 'emergency',     'completed',   '2025-07-08 11:00:00+00', '2025-07-08 11:15:00+00', '2025-07-08 16:00:00+00', 'Confirmación TB positivo. Animal separado. Notificación SENASICA.'),
  ('c0000000-0000-0000-0000-000000000012', '10000000-0000-0000-0000-000000000004', '40000000-0000-0000-0000-000000000008', '50000000-0000-0000-0000-000000000004', 'inspection',    'completed',   '2025-07-10 14:30:00+00', '2025-07-10 15:00:00+00', '2025-07-10 16:30:00+00', 'Supervisión animal intoxicado. Se descarta gravedad.'),
  ('c0000000-0000-0000-0000-000000000013', '10000000-0000-0000-0000-000000000005', '40000000-0000-0000-0000-000000000009', 'b9b032e5-ec6d-49c6-ab27-ea8d3a51e12b', 'sanitary_test', 'completed',   '2025-08-14 08:00:00+00', '2025-08-14 08:30:00+00', '2025-08-14 12:00:00+00', 'Pruebas sanitarias completadas sin novedades.'),
  ('c0000000-0000-0000-0000-000000000014', '10000000-0000-0000-0000-000000000005', '40000000-0000-0000-0000-000000000010', 'b9b032e5-ec6d-49c6-ab27-ea8d3a51e12b', 'inspection',    'completed',   '2025-08-25 10:00:00+00', '2025-08-25 10:30:00+00', '2025-08-25 12:30:00+00', 'Baño garrapaticida supervisado.'),
  ('c0000000-0000-0000-0000-000000000015', '10000000-0000-0000-0000-000000000001', '40000000-0000-0000-0000-000000000001', '50000000-0000-0000-0000-000000000001', 'sanitary_test', 'scheduled',   '2026-01-15 08:00:00+00', NULL, NULL, 'Pruebas anuales programadas. Primera visita del año.'),
  ('c0000000-0000-0000-0000-000000000016', '10000000-0000-0000-0000-000000000002', '40000000-0000-0000-0000-000000000003', '50000000-0000-0000-0000-000000000002', 'inspection',    'scheduled',   '2026-01-20 09:00:00+00', NULL, NULL, 'Seguimiento trimestral caso brucelosis.'),
  ('c0000000-0000-0000-0000-000000000017', '10000000-0000-0000-0000-000000000003', '40000000-0000-0000-0000-000000000005', '50000000-0000-0000-0000-000000000003', 'sanitary_test', 'scheduled',   '2026-02-10 08:00:00+00', NULL, NULL, 'Retoma prueba TB inconclusa.'),
  ('c0000000-0000-0000-0000-000000000018', '10000000-0000-0000-0000-000000000004', '40000000-0000-0000-0000-000000000007', '50000000-0000-0000-0000-000000000004', 'inspection',    'in_progress', '2026-03-01 09:00:00+00', '2026-03-01 09:00:00+00', NULL, 'Seguimiento caso TB confirmado. Evaluación del hato completo.'),
  ('c0000000-0000-0000-0000-000000000019', '10000000-0000-0000-0000-000000000005', '40000000-0000-0000-0000-000000000009', 'b9b032e5-ec6d-49c6-ab27-ea8d3a51e12b', 'inspection',    'scheduled',   '2026-03-10 08:00:00+00', NULL, NULL, 'Visita rutinaria semestral.'),
  ('c0000000-0000-0000-0000-000000000020', '10000000-0000-0000-0000-000000000006', '40000000-0000-0000-0000-000000000011', '50000000-0000-0000-0000-000000000001', 'sanitary_test', 'scheduled',   '2026-03-15 08:00:00+00', NULL, NULL, 'Primera visita a este rancho. Registro inicial de hato.')
ON CONFLICT (id) DO NOTHING;


-- ============================================================
-- 15. DOCUMENTOS POR RANCHO (upp_documents — migration_002)
-- ============================================================

INSERT INTO public.upp_documents (id, tenant_id, upp_id, document_type, file_storage_key, file_hash, status, issued_at, expiry_date, is_current) VALUES
  ('d0000000-0000-0000-0000-000000000001', '10000000-0000-0000-0000-000000000001', '40000000-0000-0000-0000-000000000001', 'certificado_sanitario', 'docs/upp001/cert_san_2025.pdf', 'abc001hash', 'validated',  '2025-01-10', '2026-01-10', TRUE),
  ('d0000000-0000-0000-0000-000000000002', '10000000-0000-0000-0000-000000000001', '40000000-0000-0000-0000-000000000001', 'constancia_vacunacion',  'docs/upp001/vac_2025.pdf',      'abc002hash', 'validated',  '2025-01-10', '2026-01-10', TRUE),
  ('d0000000-0000-0000-0000-000000000003', '10000000-0000-0000-0000-000000000001', '40000000-0000-0000-0000-000000000002', 'certificado_sanitario', 'docs/upp002/cert_san_2025.pdf', 'abc003hash', 'validated',  '2025-03-01', '2026-03-01', TRUE),
  ('d0000000-0000-0000-0000-000000000004', '10000000-0000-0000-0000-000000000002', '40000000-0000-0000-0000-000000000003', 'certificado_sanitario', 'docs/upp003/cert_san_2025.pdf', 'abc004hash', 'pending',    '2025-01-20', '2026-01-20', TRUE),
  ('d0000000-0000-0000-0000-000000000005', '10000000-0000-0000-0000-000000000002', '40000000-0000-0000-0000-000000000003', 'plan_sanitario',         'docs/upp003/plan_san.pdf',      'abc005hash', 'validated',  '2025-01-20', '2027-01-20', TRUE),
  ('d0000000-0000-0000-0000-000000000006', '10000000-0000-0000-0000-000000000002', '40000000-0000-0000-0000-000000000004', 'certificado_sanitario', 'docs/upp004/cert_san_2025.pdf', 'abc006hash', 'validated',  '2025-04-05', '2026-04-05', TRUE),
  ('d0000000-0000-0000-0000-000000000007', '10000000-0000-0000-0000-000000000003', '40000000-0000-0000-0000-000000000005', 'certificado_sanitario', 'docs/upp005/cert_san_2025.pdf', 'abc007hash', 'validated',  '2025-02-22', '2026-02-22', TRUE),
  ('d0000000-0000-0000-0000-000000000008', '10000000-0000-0000-0000-000000000003', '40000000-0000-0000-0000-000000000005', 'constancia_vacunacion',  'docs/upp005/vac_2025.pdf',      'abc008hash', 'validated',  '2025-02-22', '2026-02-22', TRUE),
  ('d0000000-0000-0000-0000-000000000009', '10000000-0000-0000-0000-000000000003', '40000000-0000-0000-0000-000000000006', 'certificado_sanitario', 'docs/upp006/cert_san_2025.pdf', 'abc009hash', 'validated',  '2025-06-12', '2026-06-12', TRUE),
  ('d0000000-0000-0000-0000-000000000010', '10000000-0000-0000-0000-000000000004', '40000000-0000-0000-0000-000000000007', 'certificado_sanitario', 'docs/upp007/cert_san_2025.pdf', 'abc010hash', 'rejected',   '2025-07-08', '2026-07-08', TRUE),
  ('d0000000-0000-0000-0000-000000000011', '10000000-0000-0000-0000-000000000004', '40000000-0000-0000-0000-000000000007', 'notificacion_senasica',  'docs/upp007/notif_senasica.pdf','abc011hash', 'validated',  '2025-07-08', NULL,         TRUE),
  ('d0000000-0000-0000-0000-000000000012', '10000000-0000-0000-0000-000000000004', '40000000-0000-0000-0000-000000000008', 'certificado_sanitario', 'docs/upp008/cert_san_2025.pdf', 'abc012hash', 'validated',  '2025-07-10', '2026-07-10', TRUE),
  ('d0000000-0000-0000-0000-000000000013', '10000000-0000-0000-0000-000000000005', '40000000-0000-0000-0000-000000000009', 'certificado_sanitario', 'docs/upp009/cert_san_2025.pdf', 'abc013hash', 'validated',  '2025-08-14', '2026-08-14', TRUE),
  ('d0000000-0000-0000-0000-000000000014', '10000000-0000-0000-0000-000000000005', '40000000-0000-0000-0000-000000000010', 'certificado_sanitario', 'docs/upp010/cert_san_2025.pdf', 'abc014hash', 'pending',    '2025-08-25', '2026-08-25', TRUE),
  ('d0000000-0000-0000-0000-000000000015', '10000000-0000-0000-0000-000000000006', '40000000-0000-0000-0000-000000000011', 'certificado_sanitario', 'docs/upp011/cert_san_2025.pdf', 'abc015hash', 'validated',  '2025-05-01', '2026-05-01', TRUE),
  ('d0000000-0000-0000-0000-000000000016', '10000000-0000-0000-0000-000000000007', '40000000-0000-0000-0000-000000000013', 'certificado_sanitario', 'docs/upp013/cert_san_2025.pdf', 'abc016hash', 'validated',  '2025-04-15', '2026-04-15', TRUE),
  ('d0000000-0000-0000-0000-000000000017', '10000000-0000-0000-0000-000000000008', '40000000-0000-0000-0000-000000000015', 'certificado_sanitario', 'docs/upp015/cert_san_2025.pdf', 'abc017hash', 'validated',  '2025-03-20', '2026-03-20', TRUE),
  ('d0000000-0000-0000-0000-000000000018', '10000000-0000-0000-0000-000000000008', '40000000-0000-0000-0000-000000000016', 'certificado_sanitario', 'docs/upp016/cert_san_cuarent.pdf','abc018hash', 'expired',  '2024-06-01', '2025-06-01', TRUE),
  ('d0000000-0000-0000-0000-000000000019', '10000000-0000-0000-0000-000000000009', '40000000-0000-0000-0000-000000000017', 'certificado_sanitario', 'docs/upp017/cert_san_2025.pdf', 'abc019hash', 'validated',  '2025-07-01', '2026-07-01', TRUE),
  ('d0000000-0000-0000-0000-000000000020', '10000000-0000-0000-0000-000000000010', '40000000-0000-0000-0000-000000000019', 'certificado_sanitario', 'docs/upp019/cert_san_2025.pdf', 'abc020hash', 'validated',  '2025-06-15', '2026-06-15', TRUE)
ON CONFLICT (id) DO NOTHING;


-- ============================================================
-- 16. CUARENTENAS ESTATALES (state_quarantines)
-- ============================================================

INSERT INTO public.state_quarantines (id, declared_by_tenant_id, upp_id, reason, status, declared_at, lifted_at, notes) VALUES
  ('e0000000-0000-0000-0000-000000000001', 'aea996de-33e6-46fe-b05b-a6108c711025', '40000000-0000-0000-0000-000000000016', 'Brucelosis confirmada en hato', 'active',   '2025-01-24 10:00:00+00', NULL, 'Animal #7 positivo brucelosis RB51. Hato completo en cuarentena.'),
  ('e0000000-0000-0000-0000-000000000002', 'aea996de-33e6-46fe-b05b-a6108c711025', '40000000-0000-0000-0000-000000000007', 'Tuberculosis confirmada',       'active',   '2025-07-09 08:00:00+00', NULL, 'Caso positivo TB confirmado en cultivo. Coordinación SENASICA.'),
  ('e0000000-0000-0000-0000-000000000003', 'aea996de-33e6-46fe-b05b-a6108c711025', NULL, 'Alerta zoosanitaria regional brucelosis', 'lifted', '2024-11-01 00:00:00+00', '2025-01-15 00:00:00+00', 'Alerta regional levantada sin casos activos.')
ON CONFLICT (id) DO NOTHING;


-- ============================================================
-- 17. SOLICITUDES DE EXPORTACIÓN (export_requests)
-- ============================================================

INSERT INTO public.export_requests (id, tenant_id, upp_id, destination_text, head_count, status, requested_by_user_id, reviewed_by_user_id) VALUES
  ('f0000000-0000-0000-0000-000000000001', '10000000-0000-0000-0000-000000000001', '40000000-0000-0000-0000-000000000001', 'Guadalajara, Jalisco',     15, 'approved',   '06f11c9e-b1f0-4600-a685-09969e787e69', 'e414e73a-c309-4ae5-af94-79cf7841d118'),
  ('f0000000-0000-0000-0000-000000000002', '10000000-0000-0000-0000-000000000002', '40000000-0000-0000-0000-000000000003', 'Monterrey, Nuevo León',    20, 'pending',    'f80dbd00-7444-4d4f-9a62-ea39b7e8131e', NULL),
  ('f0000000-0000-0000-0000-000000000003', '10000000-0000-0000-0000-000000000003', '40000000-0000-0000-0000-000000000005', 'Ciudad de México',         30, 'under_review','fe47bf16-34b6-4f00-8bd6-5ddb07d763b4', 'e414e73a-c309-4ae5-af94-79cf7841d118'),
  ('f0000000-0000-0000-0000-000000000004', '10000000-0000-0000-0000-000000000004', '40000000-0000-0000-0000-000000000007', 'Torreón, Coahuila',        10, 'rejected',   '22017a9f-a6eb-4cad-9b81-1d2f5021066e', 'e414e73a-c309-4ae5-af94-79cf7841d118'),
  ('f0000000-0000-0000-0000-000000000005', '10000000-0000-0000-0000-000000000005', '40000000-0000-0000-0000-000000000009', 'Culiacán, Sinaloa',        25, 'approved',   'c64a800a-66b6-4b25-a72a-9bc95820448e', 'e414e73a-c309-4ae5-af94-79cf7841d118'),
  ('f0000000-0000-0000-0000-000000000006', '10000000-0000-0000-0000-000000000006', '40000000-0000-0000-0000-000000000011', 'Zacatecas, Zacatecas',      8, 'pending',    '83c6fecc-b50c-4f64-9dfd-df4cb6e3f3bd', NULL),
  ('f0000000-0000-0000-0000-000000000007', '10000000-0000-0000-0000-000000000007', '40000000-0000-0000-0000-000000000013', 'Chihuahua, Chihuahua',     40, 'approved',   '5e12bf31-af38-4092-9bfc-d4218216dee9', 'e414e73a-c309-4ae5-af94-79cf7841d118'),
  ('f0000000-0000-0000-0000-000000000008', '10000000-0000-0000-0000-000000000008', '40000000-0000-0000-0000-000000000015', 'Sonora, Hermosillo',       18, 'pending',    '7dcc7e2b-5b3e-4da6-ad1b-2c325755744c', NULL),
  ('f0000000-0000-0000-0000-000000000009', '10000000-0000-0000-0000-000000000009', '40000000-0000-0000-0000-000000000017', 'Aguascalientes',           12, 'approved',   '3417e247-d8d3-4b37-88f7-341a3d906e57', 'e414e73a-c309-4ae5-af94-79cf7841d118'),
  ('f0000000-0000-0000-0000-000000000010', '10000000-0000-0000-0000-000000000010', '40000000-0000-0000-0000-000000000019', 'San Luis Potosí',          22, 'under_review','7dcc7e2b-5b3e-4da6-ad1b-2c325755744c', 'e414e73a-c309-4ae5-af94-79cf7841d118')
ON CONFLICT (id) DO NOTHING;


-- ============================================================
-- 18. MOVILIZACIONES REEMO (movement_requests)
-- ============================================================

INSERT INTO public.movement_requests (id, tenant_id, origin_upp_id, destination_text, head_count, status, requested_by_user_id) VALUES
  ('f1000000-0000-0000-0000-000000000001', '10000000-0000-0000-0000-000000000001', '40000000-0000-0000-0000-000000000001', 'Rancho vecino km 12',    5,  'approved', '06f11c9e-b1f0-4600-a685-09969e787e69'),
  ('f1000000-0000-0000-0000-000000000002', '10000000-0000-0000-0000-000000000001', '40000000-0000-0000-0000-000000000002', 'Mercado Durango centro', 3,  'pending',  '06f11c9e-b1f0-4600-a685-09969e787e69'),
  ('f1000000-0000-0000-0000-000000000003', '10000000-0000-0000-0000-000000000002', '40000000-0000-0000-0000-000000000003', 'Rastro municipal',       8,  'rejected', 'f80dbd00-7444-4d4f-9a62-ea39b7e8131e'),
  ('f1000000-0000-0000-0000-000000000004', '10000000-0000-0000-0000-000000000003', '40000000-0000-0000-0000-000000000005', 'Expo ganadera Durango',  12, 'approved', 'fe47bf16-34b6-4f00-8bd6-5ddb07d763b4'),
  ('f1000000-0000-0000-0000-000000000005', '10000000-0000-0000-0000-000000000004', '40000000-0000-0000-0000-000000000007', 'En cuarentena - cancelado', 0, 'rejected','22017a9f-a6eb-4cad-9b81-1d2f5021066e'),
  ('f1000000-0000-0000-0000-000000000006', '10000000-0000-0000-0000-000000000005', '40000000-0000-0000-0000-000000000009', 'Rancho Los Pinos',       6,  'approved', 'c64a800a-66b6-4b25-a72a-9bc95820448e'),
  ('f1000000-0000-0000-0000-000000000007', '10000000-0000-0000-0000-000000000006', '40000000-0000-0000-0000-000000000011', 'Engordadora Poanas',     20, 'pending',  '83c6fecc-b50c-4f64-9dfd-df4cb6e3f3bd'),
  ('f1000000-0000-0000-0000-000000000008', '10000000-0000-0000-0000-000000000007', '40000000-0000-0000-0000-000000000013', 'Subasta Chihuahua',      35, 'approved', '5e12bf31-af38-4092-9bfc-d4218216dee9'),
  ('f1000000-0000-0000-0000-000000000009', '10000000-0000-0000-0000-000000000008', '40000000-0000-0000-0000-000000000015', 'Engordadora Canatlán',   9,  'pending',  '7dcc7e2b-5b3e-4da6-ad1b-2c325755744c'),
  ('f1000000-0000-0000-0000-000000000010', '10000000-0000-0000-0000-000000000009', '40000000-0000-0000-0000-000000000017', 'Feria Ganadera Lerdo',   4,  'approved', '3417e247-d8d3-4b37-88f7-341a3d906e57')
ON CONFLICT (id) DO NOTHING;


-- ============================================================
-- 19. NOTIFICACIONES (notification_events)
-- ============================================================

INSERT INTO public.notification_events (id, event_type, target_user_id, target_tenant_id, target_role_key, title, body, read_at) VALUES
  ('e1000000-0000-0000-0000-000000000001', 'quarantine_declared',   NULL, 'aea996de-33e6-46fe-b05b-a6108c711025', 'tenant_admin', 'Nueva Cuarentena Declarada', 'Se declaró cuarentena en Rancho Vista Hermosa Beta por brucelosis.', NULL),
  ('e1000000-0000-0000-0000-000000000002', 'test_positive',         'e414e73a-c309-4ae5-af94-79cf7841d118', NULL, NULL, 'Resultado Positivo TB', 'Animal MX-DGO-004-00003 resultó positivo a Tuberculosis en El Colorado Arriba.', NULL),
  ('e1000000-0000-0000-0000-000000000003', 'export_approved',       '06f11c9e-b1f0-4600-a685-09969e787e69', NULL, NULL, 'Exportación Aprobada', 'Tu solicitud de exportación a Guadalajara fue aprobada (15 cabezas).', '2025-01-12 09:00:00+00'),
  ('e1000000-0000-0000-0000-000000000004', 'export_rejected',       '22017a9f-a6eb-4cad-9b81-1d2f5021066e', NULL, NULL, 'Exportación Rechazada', 'Tu solicitud de exportación fue rechazada por cuarentena activa en el rancho.', NULL),
  ('e1000000-0000-0000-0000-000000000005', 'movement_approved',     '06f11c9e-b1f0-4600-a685-09969e787e69', NULL, NULL, 'Movilización Aprobada', 'Tu REEMO para 5 cabezas al rancho vecino fue aprobado.', '2025-03-10 10:00:00+00'),
  ('e1000000-0000-0000-0000-000000000006', 'sanitary_alert',        NULL, '10000000-0000-0000-0000-000000000002', 'producer', 'Alerta Sanitaria', 'Se detectó un caso positivo de brucelosis en tu rancho Santa Fe Oriente.', NULL),
  ('e1000000-0000-0000-0000-000000000007', 'visit_scheduled',       '06f11c9e-b1f0-4600-a685-09969e787e69', NULL, NULL, 'Visita MVZ Programada', 'Dr. Hernández visitará Los Álamos Norte el 15 enero 2026 para pruebas anuales.', NULL),
  ('e1000000-0000-0000-0000-000000000008', 'document_expiring',     NULL, '10000000-0000-0000-0000-000000000008', 'producer', 'Documento por Vencer', 'El certificado sanitario de Vista Hermosa Beta venció el 01/06/2025. Renueva a la brevedad.', NULL),
  ('e1000000-0000-0000-0000-000000000009', 'test_inconclusive',     '4b07b27b-2298-4034-a9d7-47585b3e1bbe', NULL, NULL, 'Prueba Inconclusa', 'Prueba TB del animal MX-DGO-003-00003 resultó inconclusa. Programar retoma en 60 días.', NULL),
  ('e1000000-0000-0000-0000-000000000010', 'quarantine_declared',   NULL, '10000000-0000-0000-0000-000000000004', 'producer', 'Cuarentena en Tu Rancho', 'El Gobierno del Estado declaró cuarentena en La Esperanza Grande por TB confirmada.', NULL)
ON CONFLICT (id) DO NOTHING;


-- ============================================================
-- 20. CITAS CRM (appointment_requests)
-- ============================================================

INSERT INTO public.appointment_requests (id, full_name, phone, email, notes, status, assigned_to_user_id) VALUES
  ('e2000000-0000-0000-0000-000000000001', 'Luis Enrique Campos Ochoa',  '+52 618 100 1001', 'lcampos@email.com',   'Interesado en registrar su rancho y obtener cédula ganadera.', 'pending',    NULL),
  ('e2000000-0000-0000-0000-000000000002', 'María del Carmen Ríos',       '+52 618 100 1002', 'mrios@email.com',     'Consulta sobre requisitos para exportación a Estados Unidos.',  'contacted',  'e414e73a-c309-4ae5-af94-79cf7841d118'),
  ('e2000000-0000-0000-0000-000000000003', 'Ernesto Fuentes Barrón',      '+52 618 100 1003', 'efuentes@email.com',  'Quiere dar de alta 3 ranchos en el municipio de Poanas.',       'scheduled',  'e414e73a-c309-4ae5-af94-79cf7841d118'),
  ('e2000000-0000-0000-0000-000000000004', 'Claudia Ortiz Muñoz',         '+52 618 100 1004', 'cortiz@email.com',    'Problemas para subir documentos en la plataforma.',             'completed',  '1502268b-df86-408e-a052-889f7e39eeb0'),
  ('e2000000-0000-0000-0000-000000000005', 'Ramón Ibáñez Carrillo',       '+52 618 100 1005', 'ribanez@email.com',   'Solicita información sobre cuarentenas y proceso de levantamiento.', 'pending', NULL),
  ('e2000000-0000-0000-0000-000000000006', 'Alicia Ponce Vázquez',        '+52 618 100 1006', 'aponce@email.com',    'Productora nueva, quiere orientación general del sistema.',     'contacted',  '4447b062-8dd0-4361-92a0-0883aadfe396'),
  ('e2000000-0000-0000-0000-000000000007', 'Félix Domínguez Torres',      '+52 618 100 1007', 'fdominguez@email.com','Quiere contratar un MVZ para sus ranchos en Tepehuanes.',       'scheduled',  'e414e73a-c309-4ae5-af94-79cf7841d118'),
  ('e2000000-0000-0000-0000-000000000008', 'Norma Gutiérrez Salas',       '+52 618 100 1008', 'ngutierrez@email.com','Pregunta por integración con sistema SENASICA.',                'pending',    NULL),
  ('e2000000-0000-0000-0000-000000000009', 'Gustavo Méndez Arreola',      '+52 618 100 1009', 'gmendez@email.com',   'Desea capacitación para su equipo en el uso de la app.',        'completed',  'e509b0e6-2d58-491a-8865-abfb4a5015f2'),
  ('e2000000-0000-0000-0000-000000000010', 'Patricia Luna Espinoza',      '+52 618 100 1010', 'pluna@email.com',     'Interesada en el módulo de movilizaciones REEMO.',              'contacted',  'e414e73a-c309-4ae5-af94-79cf7841d118')
ON CONFLICT (id) DO NOTHING;

-- ============================================================
-- FIN DEL SEED
-- Resumen de registros insertados:
--   profiles             : 15 nuevos + 3 existentes
--   tenants              : 10 producer + 4 mvz nuevos
--   producers            : 20
--   upps                 : 20
--   mvz_profiles         : 4 nuevos + 1 existente
--   tenant_memberships   : 17 nuevos
--   tenant_roles         : 14 nuevos
--   tenant_user_roles    : 14 nuevos
--   mvz_upp_assignments  : 20
--   animals              : 20
--   field_tests          : 20
--   animal_vaccinations  : 20
--   sanitary_incidents   : 20
--   mvz_visits           : 20
--   upp_documents        : 20
--   state_quarantines    : 3
--   export_requests      : 10
--   movement_requests    : 10
--   notification_events  : 10
--   appointment_requests : 10
-- ============================================================