INSERT INTO "public"."mvz_profiles" ("id", "owner_tenant_id", "user_id", "full_name", "license_number", "status", "created_at") VALUES ('b9b032e5-ec6d-49c6-ab27-ea8d3a51e12b', '4d873822-32e5-465b-9630-177104a1dcc6', '2a0f8875-c722-465c-a0eb-860330bdb28e', 'MVZ test', 'CEDULA-000000', 'active', '2026-02-26 22:55:54.390979+00');
INSERT INTO "public"."permissions" ("id", "key", "description", "module") VALUES ('05420c5c-3074-438f-92cb-6187f0fb8d4a', 'producer.exports.read', 'Ver exportaciones', 'producer'), ('08746114-efe1-496c-ad2f-d1367526f8fb', 'producer.documents.read', 'Ver documentos', 'producer'), ('0b004644-9d53-4150-a02c-0fa3bcb43bed', 'admin.appointments.write', 'Gestionar citas CRM', 'admin'), ('0da46760-7e2b-4241-8812-d25e56da8f5b', 'admin.audit.read', 'Ver bitácora', 'admin'), ('18990e03-3b5b-4f68-be4f-7b2abad4f61e', 'producer.upp.read', 'Ver ranchos propios', 'producer'), ('1bb6a0de-8d52-4557-942c-0007cb97cd04', 'admin.producers.write', 'Gestionar productores', 'admin'), ('23ccf312-bd83-4ed4-8cac-7391ed8b4856', 'producer.exports.write', 'Solicitar exportaciones', 'producer'), ('24ba07f3-a49b-44f1-a8ba-df9e2f3cd23c', 'admin.normative.read', 'Ver normativa', 'admin'), ('255661a8-1aeb-443e-b05b-3068b8cdc10f', 'producer.documents.write', 'Subir documentos', 'producer'), ('262fc13d-5a58-4db0-a69d-1dbd4b5d7f1b', 'admin.dashboard.read', 'Ver dashboard estatal', 'admin'), ('26d90c9c-344c-4bd2-8912-79ceda7d8825', 'producer.upp.write', 'Editar información de rancho', 'producer'), ('31094e26-dc14-4057-9c20-a3d6d8f25dd2', 'admin.appointments.read', 'Ver citas CRM', 'admin'), ('38cbb39c-4a66-4e83-80bb-39ddc43f0285', 'producer.employees.write', 'Gestionar empleados del rancho', 'producer'), ('3988e3e4-f62d-4c23-b50a-cac4bf1f35b5', 'mvz.notifications.read', 'Ver notificaciones MVZ', 'mvz'), ('524b92c4-2e14-4004-ab6c-6d453c39ec0d', 'admin.quarantines.write', 'Gestionar cuarentenas', 'admin'), ('55616699-1bee-493b-8b60-5c22af2ae85b', 'mvz.exports.read', 'Ver exportaciones a validar', 'mvz'), ('5748ce03-d519-4717-8c0c-c13e5dd7ef46', 'admin.mvz.write', 'Gestionar MVZ', 'admin'), ('5b9b76fe-b0ce-41db-8508-87ce9747f64e', 'mvz.tests.read', 'Ver pruebas sanitarias', 'mvz'), ('613662d5-598f-424b-b515-1c01c6bb2cd6', 'mvz.dashboard.read', 'Ver dashboard MVZ', 'mvz'), ('641f1170-1341-4334-85ab-50dc5b2200ec', 'admin.users.update', 'Editar usuarios', 'admin'), ('65717850-c5a7-48c5-85f2-6e059f275f2a', 'admin.producers.read', 'Ver productores', 'admin'), ('658b87d5-fdb5-4d80-8dde-f5d650254829', 'producer.bovinos.read', 'Ver bovinos', 'producer'), ('69a13870-50ef-4bfe-bc28-d2eb78bf7a2f', 'producer.movements.write', 'Crear movilizaciones REEMO', 'producer'), ('6eaa113c-f087-4428-a35b-b17b6f6f9bdd', 'admin.exports.read', 'Ver exportaciones', 'admin'), ('76d5a632-a76f-4fe7-9bb5-bc7616169daa', 'admin.users.delete', 'Eliminar usuarios', 'admin'), ('7796ccb6-71fa-4a10-bbff-8649cc14ef7a', 'producer.notifications.read', 'Ver notificaciones', 'producer'), ('78364858-2f64-4454-8d22-6fdd5d236e13', 'producer.movements.read', 'Ver movilizaciones', 'producer'), ('7a459ca3-f19e-4d21-99f8-09d11f6e20f3', 'producer.dashboard.read', 'Ver métricas globales de ranchos', 'producer'), ('82da3ee9-f9d9-4cf7-8ec6-13c7bbf71378', 'admin.upps.read', 'Ver UPPs', 'admin'), ('8d16554c-9e0d-4a34-9a7c-95f1b59a90d7', 'admin.exports.write', 'Gestionar exportaciones', 'admin'), ('8e02f3f8-b599-40ec-b107-af34bdba038c', 'mvz.quarantines.read', 'Ver cuarentenas operativas', 'mvz'), ('90eeec4a-f1c2-440c-9f28-ef76ddcedec9', 'mvz.quarantines.write', 'Gestionar cuarentenas operativas', 'mvz'), ('9ed99b60-1384-44ce-ad1a-a3e3832e5055', 'admin.reports.export', 'Exportar reportes', 'admin'), ('a2c63436-d1b4-447e-bb5c-fb24f299a9bf', 'mvz.tests.write', 'Registrar pruebas sanitarias', 'mvz'), ('a5fa1700-64ae-47eb-b52b-4d5fc67c31c9', 'mvz.bovinos.read', 'Ver bovinos de ranchos asignados', 'mvz'), ('ab631e67-afe8-46f9-9151-fa2605e7aeb2', 'admin.users.roles', 'Cambiar roles de usuarios', 'admin'), ('b249dc8f-eb01-42b2-86c3-26541f33bd9a', 'admin.normative.write', 'Gestionar normativa', 'admin'), ('b27bacaf-3775-4d26-af21-157548e7627d', 'admin.quarantines.read', 'Ver cuarentenas', 'admin'), ('b27f6429-442c-4303-97e6-1c109923af56', 'producer.profile.read', 'Ver perfil productor', 'producer'), ('c0f3dec8-e56f-4863-9376-24c3fedc3feb', 'admin.users.read', 'Ver usuarios', 'admin'), ('c3955f97-3ca8-4690-9216-e41a2bcd1b81', 'producer.bovinos.write', 'Registrar bovinos', 'producer'), ('cab3169f-a260-4fa7-8ec1-0361ebb4cece', 'producer.profile.write', 'Editar perfil productor', 'producer'), ('d505ea52-02db-4c63-bde8-1e8de5050e63', 'producer.employees.read', 'Ver empleados del rancho', 'producer'), ('d5978070-b8b3-432d-96b8-42bb90ca23f0', 'admin.users.create', 'Crear usuarios', 'admin'), ('d77e95f0-1998-44e7-a688-fa86271e7eff', 'mvz.assignments.read', 'Ver ranchos asignados', 'mvz'), ('dcc41553-342b-42d2-8a2b-9fe33dbfa6aa', 'admin.mvz.read', 'Ver MVZ', 'admin'), ('de1fd215-d9a5-4883-8aac-cd51fae4b979', 'mvz.tests.sync', 'Sincronizar pruebas offline', 'mvz'), ('ebdff81d-6a87-43b7-916a-61bbf6c84c2f', 'mvz.exports.write', 'Validar exportaciones', 'mvz'), ('fcc74670-7a62-414b-9257-d06fe655be81', 'admin.upps.write', 'Gestionar UPPs', 'admin');
INSERT INTO "public"."profiles" ("id", "status", "created_at") VALUES ('2a0f8875-c722-465c-a0eb-860330bdb28e', 'active', '2026-02-26 22:51:46.464856+00'), ('9c4021c3-35f7-4c7c-ac73-fe40b5489f16', 'active', '2026-02-26 11:57:20.724259+00'), ('e414e73a-c309-4ae5-af94-79cf7841d118', 'active', '2026-02-26 08:11:29.648422+00');
INSERT INTO "public"."tenant_memberships" ("id", "tenant_id", "user_id", "status", "invited_by_user_id", "joined_at") VALUES ('2433beba-157d-480d-b14e-776e926e582f', 'bc430399-22c4-466c-a368-5cdf20964907', '9c4021c3-35f7-4c7c-ac73-fe40b5489f16', 'active', 'e414e73a-c309-4ae5-af94-79cf7841d118', '2026-02-26 11:57:21.311935+00'), ('946c8e48-4aa4-4bb6-aed4-4b65d8e641a5', '4d873822-32e5-465b-9630-177104a1dcc6', '2a0f8875-c722-465c-a0eb-860330bdb28e', 'active', null, '2026-02-26 22:55:54.390979+00'), ('f0dad021-02d6-4077-8f26-4e75fb2429d8', 'aea996de-33e6-46fe-b05b-a6108c711025', 'e414e73a-c309-4ae5-af94-79cf7841d118', 'active', null, '2026-02-26 08:21:55.96693+00');
INSERT INTO "public"."tenant_role_permissions" ("tenant_role_id", "permission_id", "granted_at") VALUES ('2b9057a8-6655-40e7-aefa-0f1679632129', '3988e3e4-f62d-4c23-b50a-cac4bf1f35b5', '2026-02-26 22:55:54.390979+00'), ('2b9057a8-6655-40e7-aefa-0f1679632129', '55616699-1bee-493b-8b60-5c22af2ae85b', '2026-02-26 22:55:54.390979+00'), ('2b9057a8-6655-40e7-aefa-0f1679632129', '5b9b76fe-b0ce-41db-8508-87ce9747f64e', '2026-02-26 22:55:54.390979+00'), ('2b9057a8-6655-40e7-aefa-0f1679632129', '613662d5-598f-424b-b515-1c01c6bb2cd6', '2026-02-26 22:55:54.390979+00'), ('2b9057a8-6655-40e7-aefa-0f1679632129', '8e02f3f8-b599-40ec-b107-af34bdba038c', '2026-02-26 22:55:54.390979+00'), ('2b9057a8-6655-40e7-aefa-0f1679632129', '90eeec4a-f1c2-440c-9f28-ef76ddcedec9', '2026-02-26 22:55:54.390979+00'), ('2b9057a8-6655-40e7-aefa-0f1679632129', 'a2c63436-d1b4-447e-bb5c-fb24f299a9bf', '2026-02-26 22:55:54.390979+00'), ('2b9057a8-6655-40e7-aefa-0f1679632129', 'a5fa1700-64ae-47eb-b52b-4d5fc67c31c9', '2026-02-26 22:55:54.390979+00'), ('2b9057a8-6655-40e7-aefa-0f1679632129', 'd77e95f0-1998-44e7-a688-fa86271e7eff', '2026-02-26 22:55:54.390979+00'), ('2b9057a8-6655-40e7-aefa-0f1679632129', 'de1fd215-d9a5-4883-8aac-cd51fae4b979', '2026-02-26 22:55:54.390979+00'), ('2b9057a8-6655-40e7-aefa-0f1679632129', 'ebdff81d-6a87-43b7-916a-61bbf6c84c2f', '2026-02-26 22:55:54.390979+00'), ('864380a5-4603-44b0-8df2-3dba4d4f973a', '3988e3e4-f62d-4c23-b50a-cac4bf1f35b5', '2026-02-26 22:55:54.390979+00'), ('864380a5-4603-44b0-8df2-3dba4d4f973a', '55616699-1bee-493b-8b60-5c22af2ae85b', '2026-02-26 22:55:54.390979+00'), ('864380a5-4603-44b0-8df2-3dba4d4f973a', '5b9b76fe-b0ce-41db-8508-87ce9747f64e', '2026-02-26 22:55:54.390979+00'), ('864380a5-4603-44b0-8df2-3dba4d4f973a', '613662d5-598f-424b-b515-1c01c6bb2cd6', '2026-02-26 22:55:54.390979+00'), ('864380a5-4603-44b0-8df2-3dba4d4f973a', '8e02f3f8-b599-40ec-b107-af34bdba038c', '2026-02-26 22:55:54.390979+00'), ('864380a5-4603-44b0-8df2-3dba4d4f973a', '90eeec4a-f1c2-440c-9f28-ef76ddcedec9', '2026-02-26 22:55:54.390979+00'), ('864380a5-4603-44b0-8df2-3dba4d4f973a', 'a2c63436-d1b4-447e-bb5c-fb24f299a9bf', '2026-02-26 22:55:54.390979+00'), ('864380a5-4603-44b0-8df2-3dba4d4f973a', 'a5fa1700-64ae-47eb-b52b-4d5fc67c31c9', '2026-02-26 22:55:54.390979+00'), ('864380a5-4603-44b0-8df2-3dba4d4f973a', 'd77e95f0-1998-44e7-a688-fa86271e7eff', '2026-02-26 22:55:54.390979+00'), ('864380a5-4603-44b0-8df2-3dba4d4f973a', 'de1fd215-d9a5-4883-8aac-cd51fae4b979', '2026-02-26 22:55:54.390979+00'), ('864380a5-4603-44b0-8df2-3dba4d4f973a', 'ebdff81d-6a87-43b7-916a-61bbf6c84c2f', '2026-02-26 22:55:54.390979+00'), ('a82303dd-5c0f-4a72-b1f1-18a3d7948df7', '05420c5c-3074-438f-92cb-6187f0fb8d4a', '2026-02-26 11:57:21.946367+00'), ('a82303dd-5c0f-4a72-b1f1-18a3d7948df7', '08746114-efe1-496c-ad2f-d1367526f8fb', '2026-02-26 11:57:21.946367+00'), ('a82303dd-5c0f-4a72-b1f1-18a3d7948df7', '18990e03-3b5b-4f68-be4f-7b2abad4f61e', '2026-02-26 11:57:21.946367+00'), ('a82303dd-5c0f-4a72-b1f1-18a3d7948df7', '23ccf312-bd83-4ed4-8cac-7391ed8b4856', '2026-02-26 11:57:21.946367+00'), ('a82303dd-5c0f-4a72-b1f1-18a3d7948df7', '255661a8-1aeb-443e-b05b-3068b8cdc10f', '2026-02-26 11:57:21.946367+00'), ('a82303dd-5c0f-4a72-b1f1-18a3d7948df7', '38cbb39c-4a66-4e83-80bb-39ddc43f0285', '2026-02-26 11:57:21.946367+00'), ('a82303dd-5c0f-4a72-b1f1-18a3d7948df7', '658b87d5-fdb5-4d80-8dde-f5d650254829', '2026-02-26 11:57:21.946367+00'), ('a82303dd-5c0f-4a72-b1f1-18a3d7948df7', '69a13870-50ef-4bfe-bc28-d2eb78bf7a2f', '2026-02-26 11:57:21.946367+00'), ('a82303dd-5c0f-4a72-b1f1-18a3d7948df7', '78364858-2f64-4454-8d22-6fdd5d236e13', '2026-02-26 11:57:21.946367+00'), ('a82303dd-5c0f-4a72-b1f1-18a3d7948df7', '7a459ca3-f19e-4d21-99f8-09d11f6e20f3', '2026-02-26 11:57:21.946367+00'), ('a82303dd-5c0f-4a72-b1f1-18a3d7948df7', 'c3955f97-3ca8-4690-9216-e41a2bcd1b81', '2026-02-26 11:57:21.946367+00'), ('a82303dd-5c0f-4a72-b1f1-18a3d7948df7', 'd505ea52-02db-4c63-bde8-1e8de5050e63', '2026-02-26 11:57:21.946367+00'), ('e799f7ff-9792-46be-9978-40d6c0fbe837', '0b004644-9d53-4150-a02c-0fa3bcb43bed', '2026-02-26 08:27:56.868719+00'), ('e799f7ff-9792-46be-9978-40d6c0fbe837', '0da46760-7e2b-4241-8812-d25e56da8f5b', '2026-02-26 08:27:56.868719+00'), ('e799f7ff-9792-46be-9978-40d6c0fbe837', '1bb6a0de-8d52-4557-942c-0007cb97cd04', '2026-02-26 08:27:56.868719+00'), ('e799f7ff-9792-46be-9978-40d6c0fbe837', '24ba07f3-a49b-44f1-a8ba-df9e2f3cd23c', '2026-02-26 08:27:56.868719+00'), ('e799f7ff-9792-46be-9978-40d6c0fbe837', '262fc13d-5a58-4db0-a69d-1dbd4b5d7f1b', '2026-02-26 08:27:56.868719+00'), ('e799f7ff-9792-46be-9978-40d6c0fbe837', '31094e26-dc14-4057-9c20-a3d6d8f25dd2', '2026-02-26 08:27:56.868719+00'), ('e799f7ff-9792-46be-9978-40d6c0fbe837', '524b92c4-2e14-4004-ab6c-6d453c39ec0d', '2026-02-26 08:27:56.868719+00'), ('e799f7ff-9792-46be-9978-40d6c0fbe837', '5748ce03-d519-4717-8c0c-c13e5dd7ef46', '2026-02-26 08:27:56.868719+00'), ('e799f7ff-9792-46be-9978-40d6c0fbe837', '641f1170-1341-4334-85ab-50dc5b2200ec', '2026-02-26 08:27:56.868719+00'), ('e799f7ff-9792-46be-9978-40d6c0fbe837', '65717850-c5a7-48c5-85f2-6e059f275f2a', '2026-02-26 08:27:56.868719+00'), ('e799f7ff-9792-46be-9978-40d6c0fbe837', '6eaa113c-f087-4428-a35b-b17b6f6f9bdd', '2026-02-26 08:27:56.868719+00'), ('e799f7ff-9792-46be-9978-40d6c0fbe837', '76d5a632-a76f-4fe7-9bb5-bc7616169daa', '2026-02-26 08:27:56.868719+00'), ('e799f7ff-9792-46be-9978-40d6c0fbe837', '82da3ee9-f9d9-4cf7-8ec6-13c7bbf71378', '2026-02-26 08:27:56.868719+00'), ('e799f7ff-9792-46be-9978-40d6c0fbe837', '8d16554c-9e0d-4a34-9a7c-95f1b59a90d7', '2026-02-26 08:27:56.868719+00'), ('e799f7ff-9792-46be-9978-40d6c0fbe837', '9ed99b60-1384-44ce-ad1a-a3e3832e5055', '2026-02-26 08:27:56.868719+00'), ('e799f7ff-9792-46be-9978-40d6c0fbe837', 'ab631e67-afe8-46f9-9151-fa2605e7aeb2', '2026-02-26 08:27:56.868719+00'), ('e799f7ff-9792-46be-9978-40d6c0fbe837', 'b249dc8f-eb01-42b2-86c3-26541f33bd9a', '2026-02-26 08:27:56.868719+00'), ('e799f7ff-9792-46be-9978-40d6c0fbe837', 'b27bacaf-3775-4d26-af21-157548e7627d', '2026-02-26 08:27:56.868719+00'), ('e799f7ff-9792-46be-9978-40d6c0fbe837', 'c0f3dec8-e56f-4863-9376-24c3fedc3feb', '2026-02-26 08:27:56.868719+00'), ('e799f7ff-9792-46be-9978-40d6c0fbe837', 'd5978070-b8b3-432d-96b8-42bb90ca23f0', '2026-02-26 08:27:56.868719+00'), ('e799f7ff-9792-46be-9978-40d6c0fbe837', 'dcc41553-342b-42d2-8a2b-9fe33dbfa6aa', '2026-02-26 08:27:56.868719+00'), ('e799f7ff-9792-46be-9978-40d6c0fbe837', 'fcc74670-7a62-414b-9257-d06fe655be81', '2026-02-26 08:27:56.868719+00');
INSERT INTO "public"."tenant_roles" ("id", "tenant_id", "key", "name", "is_system", "priority", "created_at") VALUES ('2b9057a8-6655-40e7-aefa-0f1679632129', '4d873822-32e5-465b-9630-177104a1dcc6', 'tenant_admin', 'Administrador MVZ', 'true', '1', '2026-02-26 22:55:54.390979+00'), ('864380a5-4603-44b0-8df2-3dba4d4f973a', '4d873822-32e5-465b-9630-177104a1dcc6', 'mvz_government', 'MVZ Gobierno', 'true', '10', '2026-02-26 22:55:54.390979+00'), ('a82303dd-5c0f-4a72-b1f1-18a3d7948df7', 'bc430399-22c4-466c-a368-5cdf20964907', 'producer', 'Productor', 'true', '50', '2026-02-26 11:57:21.590705+00'), ('e799f7ff-9792-46be-9978-40d6c0fbe837', 'aea996de-33e6-46fe-b05b-a6108c711025', 'tenant_admin', 'Administrador (Gobierno)', 'true', '1', '2026-02-26 08:25:42.524145+00');
INSERT INTO "public"."tenant_user_roles" ("membership_id", "tenant_role_id", "assigned_by_user_id", "assigned_at") VALUES ('2433beba-157d-480d-b14e-776e926e582f', 'a82303dd-5c0f-4a72-b1f1-18a3d7948df7', 'e414e73a-c309-4ae5-af94-79cf7841d118', '2026-02-26 11:57:22.052691+00'), ('946c8e48-4aa4-4bb6-aed4-4b65d8e641a5', '864380a5-4603-44b0-8df2-3dba4d4f973a', null, '2026-02-26 22:55:54.390979+00'), ('f0dad021-02d6-4077-8f26-4e75fb2429d8', 'e799f7ff-9792-46be-9978-40d6c0fbe837', null, '2026-02-26 08:25:52.41461+00');
INSERT INTO "public"."tenants" ("id", "type", "slug", "name", "status", "created_by_user_id", "created_at") VALUES ('4d873822-32e5-465b-9630-177104a1dcc6', 'mvz', 'mvz-2a0f8875', 'MVZ 2a0f8875-c722-465c-a0eb-860330bdb28e', 'active', null, '2026-02-26 22:55:54.390979+00'), ('aea996de-33e6-46fe-b05b-a6108c711025', 'government', 'gobierno-durango', 'Gobierno del Estado de Durango', 'active', null, '2026-02-26 08:21:47.800932+00'), ('bc430399-22c4-466c-a368-5cdf20964907', 'producer', 'productor-test-mm3eryxs', 'Productor Test', 'active', 'e414e73a-c309-4ae5-af94-79cf7841d118', '2026-02-26 11:57:21.13787+00');
INSERT INTO "public"."test_types" ("id", "key", "name", "validity_days") VALUES ('7f4bb615-7ec1-40bd-85df-1b2338815cf2', 'tb', 'Tuberculosis', '365'), ('87165c07-4c9d-4046-8e9f-6bcba9d08863', 'br', 'Brucelosis', '365');
